10 points;20 points;30 points;40 points;50 points;60 points;70 points;80 points;90 points;100 points;125 points;150 points;175 points;200 points;400 points;600 points;800 points;1000 points;1500 points
41.52491094;16.76990158;49.29159206;39.99297179;47.47935555;41.77487294;19.22878622;47.67955976;47.19826237;41.17371535;41.62601188;38.75600991;48.33765019;37.62563564;20.96355604;15.41345566;41.10436327;;
39.0106256;25.28830516;41.56443685;35.64405803;38.21198857;26.42933244;38.48245819;51.62952573;45.08205456;48.46004653;44.15900424;40.36029016;39.93338681;43.00649902;39.81406332;22.97078037;45.73107703;;
22.45071366;38.10248565;29.14132703;21.48547274;11.79908421;30.47641167;35.61921679;40.72438675;12.60165988;41.78449709;44.99707203;44.43038735;24.09791326;37.20148478;36.01553288;20.44357921;23.90232426;;
34.28566808;42.67493699;59.10092389;46.58176576;30.30564761;27.6468933;33.56719898;33.36880945;42.72038526;46.12661594;27.57916638;46.87569377;53.14034401;15.59279926;36.70052049;15.73602427;33.38456357;;
46.04078228;38.5533447;14.98596318;9.383026298;39.80128836;43.04896356;26.1063564;21.71066163;47.82383959;41.68219746;37.01569003;13.11265322;33.88926356;58.88595458;27.61263575;7.955529324;27.43075047;;
34.21349708;47.0354165;17.22653153;54.74820124;41.47290369;11.28634217;44.60037124;41.00701204;44.84380984;40.8641464;32.06085293;30.42480422;34.26148584;35.21672229;41.04195566;41.27020831;43.5971998;;
41.77851695;34.35204904;40.86516498;42.95440326;39.98965161;32.53679933;31.2875251;44.89867155;32.18727371;31.65469758;15.92610763;33.87959156;41.52717825;38.57462555;44.91243294;15.50540608;19.14167513;;
23.85374655;34.45718003;34.46625935;39.62384643;21.18443926;48.10393335;26.55825646;25.74697096;31.88931287;26.61290128;54.37834923;46.42210377;33.08145427;44.9315331;92.24284886;21.46919762;25.76984776;;
25.97663784;47.13742733;35.84521102;31.61744283;47.71506883;31.48786574;42.93059924;42.89409355;31.76185671;38.248261;48.21288639;42.92412236;46.44099018;31.10917426;15.1224236;50.85697735;40.6371312;;
45.75792945;47.45471781;43.95880551;7.906554267;41.31349762;43.32292751;46.32990972;40.76879291;22.39231404;42.43626107;25.5023746;47.30851683;20.31995129;33.08145427;17.58386689;25.46943285;41.65637376;;
;36.69007887;46.71406221;39.56768115;41.35891338;46.3032079;41.22622115;40.933815;21.25957027;41.71678572;16.97247694;16.62611582;19.87584769;47.49834294;45.14990384;43.56655123;46.85529249;;
;15.45755213;47.16137788;49.65969048;47.62508521;43.07971911;29.79364154;41.53879032;45.36784673;41.41389179;22.7628498;26.02222187;48.78857756;22.23659828;35.97528104;20.05376125;26.3386079;;
;38.7759755;46.08849246;38.48936787;56.20619354;28.59027556;49.65979423;47.04913119;55.92619861;44.52010743;63.39505503;20.19556932;26.30236144;40.90969363;45.32992069;34.92195956;39.56439788;;
;23.59204633;41.38549108;45.57247363;37.38288968;41.75169738;47.84315596;43.1518682;25.71900283;48.14031552;23.1742176;25.64870593;22.63648582;46.39740066;20.76825266;41.327642;21.39800565;;
;44.78359005;41.48328155;25.23101091;20.90651609;45.03311339;36.02139041;47.06494394;27.32883433;35.46326844;15.80816069;48.08828299;40.12074207;39.80260627;40.66994579;41.95203219;40.8084234;;
;23.97472886;48.05642451;48.35633726;48.92610132;43.79670484;24.68943278;49.9554821;27.40096911;18.60231572;38.66690092;19.26376823;24.634114;26.57480595;13.24129965;49.18552739;20.80343409;;
;22.05863578;26.55582794;40.40155339;29.32650179;41.59001957;20.48324287;45.25662508;39.45799505;23.70818075;31.82641621;40.17785113;29.44222117;48.19648376;24.74833082;42.39903521;18.54098058;;
;25.6328381;30.68590166;40.00092514;10.94874225;9.295231556;28.35072296;25.43065229;31.78655428;31.02412109;11.44126266;34.17143293;47.89384911;24.00615166;41.74045708;39.26975926;46.80902873;;
;8.44509591;30.37722785;29.95432108;33.85664488;23.79336366;27.34126234;24.69209135;21.8856694;25.06890262;24.64132775;43.12616641;29.17956749;38.80684592;19.75065407;17.47161882;40.10035282;;
;44.95585405;45.96328292;46.98594786;48.27833795;24.08673637;35.49793648;48.69498875;45.1813666;50.53471934;41.82983167;20.80124798;36.2058586;39.00948715;40.69991808;37.77217743;40.07292327;;
;;23.99653335;39.31560061;45.93939398;43.44396529;25.8882791;22.41239896;42.51483219;42.49403635;32.55305085;21.92197549;40.40704077;45.24983904;21.09637464;46.02480154;24.19367786;;
;;32.99483626;27.87536613;40.69477843;42.30364178;26.69095809;47.57735549;40.62147474;27.09005104;45.55534692;19.74989443;49.26796882;44.90115294;43.39542069;42.12419326;18.0454717;;
;;22.69318529;54.28638891;31.37513683;40.31055351;27.79100874;42.80816316;15.05827553;41.04178465;42.97766172;26.03770771;15.42087422;43.52185024;44.01580566;37.23079597;8.628213383;;
;;34.13388803;44.13150789;47.95892347;46.3497346;36.33911676;48.81522946;19.57290962;45.12127099;21.38944179;19.02027924;49.89907791;39.84401996;19.73060463;41.1221233;41.54123836;;
;;20.68345697;27.83977643;27.85505804;27.81486501;23.85878352;48.36514861;47.45899583;27.377847;44.5042244;44.26509984;37.49192268;17.63815655;17.14022596;41.58295623;23.83735823;;
;;40.64870064;19.27911287;49.28816809;13.0112693;29.21750481;45.92060725;43.5526846;20.96323233;33.73940303;41.17463807;47.76931559;24.05714912;37.10171806;34.00750679;41.62260904;;
;;35.72371019;16.12297041;19.22215033;40.99860901;41.2900312;47.89091102;26.97851141;60.15772196;46.06415698;28.14962859;20.33653575;39.0882943;35.86996944;11.20900498;21.10286257;;
;;45.29998098;45.80494171;33.48408277;42.4494183;33.78443;8.700983348;29.63060843;45.35509611;17.16116525;23.58651653;41.64885387;22.33347741;24.76482024;45.06674454;37.02658292;;
;;33.13962757;32.63847912;28.72463784;10.06081313;29.94884174;39.75253114;14.58677657;19.64782324;47.27143535;28.41160913;41.52361256;25.83255603;28.22379749;40.64823587;37.43482523;;
;;42.45539656;47.80979771;39.15786242;38.714448;33.98566692;42.11623557;41.06335086;41.15196704;47.014981;42.51352164;45.72276058;48.97617031;12.77063172;46.56192143;41.81700244;;
;;;18.18744109;25.30324765;44.38818506;41.94140909;25.72382681;17.72346738;45.0190294;31.7887409;50.05713044;38.99587855;39.60785896;32.49922474;35.66963056;46.10519624;;
;;;22.83051544;16.25301146;51.58454213;48.99095923;52.78905143;38.17685053;20.84305114;29.19508446;39.37266997;23.84664564;23.97958982;16.10624984;40.35336967;38.88839823;;
;;;43.93170934;40.6923332;29.75407254;43.11987004;33.9544873;26.42882617;42.41969492;57.56001896;49.11675559;40.69342748;31.61069382;25.71838228;34.45218518;17.13140186;;
;;;30.18649516;17.85671357;46.44099018;18.59217209;41.00441242;21.74893009;33.83657475;23.600433;23.38116698;53.69014458;41.74102096;44.19382703;40.90566789;26.28740441;;
;;;47.65192205;24.88630293;21.07885081;41.60200595;44.83389179;41.9739845;43.21267176;38.80603328;45.50654947;26.59870916;40.37844844;38.13418777;10.50844158;21.45462975;;
;;;46.99665965;44.49309131;42.92916367;51.95719966;44.68451177;26.7035675;24.6272391;41.89176819;48.60649686;35.52155819;12.02987891;28.64219937;41.58262686;20.02293776;;
;;;21.8100817;28.06498999;31.03987185;42.35208832;10.71198808;45.6604143;43.21910108;48.18085264;17.29037717;29.43547812;28.44417768;15.41396268;41.93511331;20.92434495;;
;;;20.38578238;42.90195814;47.93631596;46.93398205;17.99090484;53.97389616;45.44473137;46.73891407;14.05829083;32.20142222;60.68728902;25.72658084;45.81738945;39.02935074;;
;;;15.39005044;24.65422244;26.22177057;41.62221886;39.56631324;15.36154152;39.38278738;18.84934289;8.053665696;42.10699648;44.03326048;43.83417371;25.33106765;32.50293563;;
;;;46.41783634;22.8355697;47.42035742;41.95846954;44.77725089;56.43993719;16.860056;25.36751268;17.13198855;35.61921679;25.93698245;33.04402308;42.55392191;45.01149734;;
;;;;41.44727769;29.44222117;34.23700839;28.37492033;43.0236744;32.80587706;43.22742889;23.35094887;27.03323425;42.72038526;38.98559755;33.85242079;38.74491923;;
;;;;40.48136923;9.313475143;26.2777897;22.09801202;51.66488024;21.42649737;47.0317688;26.01023489;47.90517779;29.95676161;21.54232437;41.9929779;33.41478284;;
;;;;21.56130284;22.04402705;35.60602634;26.68560311;19.67484714;42.84007422;18.00757336;25.85888649;44.60037124;10.06763733;32.57880273;24.92984829;22.24071406;;
;;;;23.29339035;17.75981661;11.59800476;18.96240473;41.54822338;41.71448853;44.5828767;19.72048;31.2875251;32.18727371;21.82485256;25.31665877;51.6632051;;
;;;;41.05429339;46.8462899;36.20008775;40.19001204;40.76332764;40.73442321;35.11902079;42.47767021;26.33949168;39.74080725;38.96013256;41.82458488;39.34071965;;
;;;;39.05595198;49.26796882;48.61238204;37.17484667;34.93155073;48.48148978;21.33163659;25.35834356;20.88794707;66.62007292;39.21367374;34.55663929;39.74957204;;
;;;;44.1437767;40.56662073;42.19294639;31.65959244;23.48252333;32.39578834;22.9517964;41.47780624;42.93059924;13.27675774;44.69814772;60.83692538;11.38056825;;
;;;;44.12000344;49.89907791;34.74312599;45.54947013;44.81112718;38.782518;38.91045818;26.65236342;11.02377078;37.93886954;43.25447315;52.98104519;41.76328154;;
;;;;38.99505065;47.3893898;46.95627257;44.31185469;45.38914933;37.27443753;29.42010575;47.04572371;41.22622115;44.26766931;27.52351207;20.68034893;44.9123189;;
;;;;16.92790074;47.76931559;49.08936056;29.741743;45.26194857;46.02503731;43.23316639;41.51116819;22.05634249;37.54333452;40.04054286;28.93277897;41.43796522;;
;;;;;33.46583688;37.08476142;21.41336103;72.05262445;30.08488385;48.00389935;40.88584733;41.25479384;30.73547958;22.01247804;17.20817832;27.31261766;;
;;;;;21.20445249;46.04363939;22.12823411;28.04345804;65.0290987;23.79781309;45.11485623;43.55008697;25.71900283;42.60154823;26.90266266;49.34823057;;
;;;;;46.282883;30.43728544;43.00649902;43.72101333;29.55938154;28.3772118;23.96324609;36.02139041;27.32883433;8.915897463;40.44100662;37.05495372;;
;;;;;36.05125015;54.38843991;15.59279926;38.68896306;36.70052049;45.53757724;34.04010631;10.18412227;26.50666966;40.46527464;42.08603005;41.56040322;;
;;;;;43.23407493;42.68200908;58.88595458;23.49608297;25.84546821;17.95649927;41.4689627;51.39960458;43.29902653;23.97226959;44.44337782;25.85796329;;
;;;;;42.32433709;36.03191972;35.21672229;42.64319641;10.50854612;24.95341676;47.58210915;25.1448642;44.64109562;43.46517562;8.292424265;25.60420468;;
;;;;;39.97347041;45.95538556;38.57462555;47.14082898;92.24284886;16.59689012;42.68920639;20.42246137;41.32444625;34.95736467;37.49365576;41.86428605;;
;;;;;26.82239665;50.41170493;44.61411878;20.79393553;34.52995569;24.55002883;39.67879184;38.1255133;45.1813666;43.24283612;12.52812853;44.20164037;;
;;;;;40.5362701;43.17889644;36.38878741;33.3106734;42.11508275;23.42530983;44.02537979;45.92160187;27.29261015;26.4700735;40.59504633;38.74963145;;
;;;;;29.43547812;40.09041858;48.03069765;57.48641579;8.023853965;26.31350424;30.27649962;47.01343418;25.7831588;42.20711864;46.89149443;38.21883491;;
;;;;;;47.3524341;47.49834294;40.26672821;45.32992069;49.80736881;35.02961516;39.10107873;49.517362;40.77908955;47.64811169;44.62177624;;
;;;;;;41.38203049;23.74835861;8.318232492;20.76825266;28.08661852;25.78147702;40.59584626;26.54156953;37.05495372;21.95414639;48.59213936;;
;;;;;;48.06184293;26.72890644;28.86676932;48.75203795;43.98852944;26.26750073;26.69095809;15.05827553;41.62601188;25.2377414;39.09233384;;
;;;;;;26.40801544;33.08704532;39.05301743;25.56381475;45.05411927;43.57503605;45.50853414;30.5516523;44.15900424;46.01082628;39.69403994;;
;;;;;;14.56895703;39.00948715;26.2951807;22.3399875;41.48539059;44.25820923;30.90412429;40.61125266;14.54589629;41.68211024;32.99582722;;
;;;;;;25.60915653;45.24983904;48.69851228;26.71240516;41.32949768;35.96788332;41.22561073;31.19198384;11.90302099;48.0947146;18.21789611;;
;;;;;;18.93786003;42.78576587;40.94534151;11.87157939;26.28330799;42.9536418;44.00099866;44.96176137;29.95308634;35.12027962;33.42590598;;
;;;;;;27.08773371;35.06909911;30.1664253;34.56532023;40.82746353;41.62022685;22.23975491;17.79680812;32.69791537;39.81447865;18.56007579;;
;;;;;;43.22063986;17.25693106;31.24153758;26.55582794;44.15413621;15.41144477;32.77589914;47.03484735;38.93335073;65.92157438;44.6084716;;
;;;;;;40.85215849;52.9651263;46.1792164;44.01580566;40.17584566;49.6991495;47.44993845;43.47143542;43.96561159;39.85066519;45.52070289;;
;;;;;;;45.45281524;42.26461542;36.81608045;27.20392517;34.18148322;27.6381752;39.06586675;54.37834923;37.99018472;32.55930328;;
;;;;;;;22.33347741;54.02802981;43.00758451;20.2841214;57.42382637;19.23489733;14.58677657;25.82179609;15.6822576;28.10550823;;
;;;;;;;43.92652568;47.12450382;41.02337723;42.13873732;24.70591017;18.10282913;28.89669836;25.5023746;24.77645012;37.40772625;;
;;;;;;;45.04129228;21.64900259;24.76482024;38.7270356;27.8279626;49.36315732;17.72346738;42.96147672;28.31821091;17.1569325;;
;;;;;;;23.97958982;40.92638972;41.55867842;45.72040066;36.3570121;40.93091241;44.31326246;24.56471814;45.93987369;44.58180675;;
;;;;;;;36.62016158;28.03254202;32.49922474;19.98284878;41.67437471;43.11987004;26.42882617;27.66782889;18.04976377;40.82554084;;
;;;;;;;48.43924802;41.16308095;25.71838228;40.75959568;11.65864663;31.95193275;43.63118865;48.86094917;26.08398431;28.53026193;;
;;;;;;;40.37844844;36.92876208;42.13060788;37.85786532;42.27283424;15.78581254;10.55424175;15.80816069;41.61901087;40.6405027;;
;;;;;;;47.57207943;19.79613997;24.55191002;32.57336199;9.540965859;36.94713721;38.37750269;27.98668092;46.64228162;19.0769429;;
;;;;;;;49.1516723;27.15835517;21.26169869;36.45371685;8.438285577;33.11016274;45.6604143;40.85829963;33.61105219;36.20480364;;
;;;;;;;;28.14627925;25.72658084;38.36861439;18.48018805;27.74619095;25.35118769;14.57933032;17.22753938;40.28731672;;
;;;;;;;;50.86673543;23.25573298;42.44585004;25.75138824;30.02926267;29.84229125;11.44126266;49.57749771;43.66967812;;
;;;;;;;;26.46091418;40.97199091;21.6559913;36.73595165;41.95846954;39.30354259;39.76208612;8.629036832;40.03952489;;
;;;;;;;;26.85860194;44.71466095;40.91736153;48.92317127;29.22922939;42.36157245;41.82983167;22.94546836;22.32807844;;
;;;;;;;;47.52114026;46.3376401;39.89355543;43.61072562;22.81924818;34.1509674;26.71317119;24.55817592;17.62953974;;
;;;;;;;;48.91483429;47.81792643;24.42416194;44.98382323;26.2777897;30.16557784;44.21770862;50.53246784;29.62528159;;
;;;;;;;;46.7203157;21.82485256;31.58360625;22.23435488;47.22023;43.40567874;42.91886133;39.36092072;20.43361278;;
;;;;;;;;25.57496571;26.95086146;41.80646656;42.97048192;41.04837183;47.24103024;33.90250532;43.89099724;45.29347831;;
;;;;;;;;28.05209877;36.34472117;33.29823676;49.64914524;33.6906966;13.35562472;8.770624729;46.85254347;42.44839257;;
;;;;;;;;45.40776979;25.09112942;49.71571465;10.58559726;30.57362551;45.11293451;39.27570496;19.86796376;29.73412847;;
;;;;;;;;;18.0279539;33.06635863;39.41322484;40.9291351;43.61203361;21.38944179;43.0952465;45.56658946;;
;;;;;;;;;42.48003383;40.5164394;46.21156696;41.51341667;23.48252333;43.17184751;18.26146316;23.27148328;;
;;;;;;;;;17.97887304;49.5736407;30.39249956;19.27999269;22.15150629;44.5042244;46.31764628;31.22487943;;
;;;;;;;;;8.915897463;26.47481764;29.5905663;34.76783786;45.38914933;41.09538608;48.26117684;19.04553289;;
;;;;;;;;;38.66339021;40.81800482;21.57980669;37.08476142;20.29056928;42.02116623;32.54525181;42.47997433;;
;;;;;;;;;39.37671559;32.71474987;23.47100883;43.76452943;16.07450494;44.32185034;40.81937152;18.39373052;;
;;;;;;;;;48.73381285;26.81008424;33.3177868;38.25637352;32.28574157;8.186074732;44.02285699;21.81349109;;
;;;;;;;;;21.35038572;42.11009298;30.75732674;45.61128591;42.68727535;17.16116525;41.40992892;34.77135703;;
;;;;;;;;;26.90509496;33.76105226;41.02222849;42.68200908;92.25989356;41.2559429;15.81743534;16.19594716;;
;;;;;;;;;25.10581441;19.88458772;41.89643082;33.76111546;42.83647223;40.80095037;24.72772864;34.89176703;;
;;;;;;;;;;21.24222654;23.64361967;36.03191972;26.42221385;23.5664044;40.0979258;43.82721806;;
;;;;;;;;;;45.99793398;47.43707715;42.33186488;43.84108721;47.75886005;92.24169347;30.56288788;;
;;;;;;;;;;45.04486729;42.0385295;29.32008806;43.19996994;41.75293941;41.97866557;48.26775904;;
;;;;;;;;;;40.17372797;14.08973345;18.71708869;20.79393553;46.2477568;21.20763437;41.00800313;;
;;;;;;;;;;28.27138315;44.18976539;40.09041858;47.48822973;57.56001896;26.05596403;36.97553165;;
;;;;;;;;;;21.99679295;34.33045738;29.59463732;57.48641579;43.72995359;42.51001731;26.22252975;;
;;;;;;;;;;40.20287182;19.72580065;42.886079;19.57084107;44.95937716;42.55176986;33.51652834;;
;;;;;;;;;;31.90822191;24.18560382;46.84510766;40.26672821;41.01378288;40.79023652;17.87025342;;
;;;;;;;;;;46.31319906;41.60339929;43.91549883;54.23125526;22.39438811;30.61464908;45.54048202;;
;;;;;;;;;;16.5852875;46.45809433;40.49349893;19.32833269;8.473604608;43.45486077;16.67814883;;
;;;;;;;;;;18.45980593;44.06751076;46.37601999;39.05301743;48.18085264;10.21041291;24.5373992;;
;;;;;;;;;;27.46578948;45.09159837;21.53498289;43.95212685;21.59759427;38.20678484;41.83572564;;
;;;;;;;;;;48.41028346;43.16703832;22.38653472;40.20656398;22.835041;42.5666412;39.92968556;;
;;;;;;;;;;55.04812752;12.68861663;57.81637569;46.22565768;29.71729718;47.11336065;20.48324287;;
;;;;;;;;;;48.30081073;27.29819743;27.08773371;38.34729867;21.45318075;23.4217998;29.9085166;;
;;;;;;;;;;18.25193285;22.25488401;49.20189683;31.39600849;41.70560636;40.69839999;40.6103448;;
;;;;;;;;;;20.81334702;47.07042594;26.80078763;27.80330088;44.08472177;36.72241425;36.46208013;;
;;;;;;;;;;25.69938486;20.98420148;18.94632058;43.64851013;42.81441219;50.11011324;42.74983733;;
;;;;;;;;;;38.70734985;48.97617031;41.53779575;15.96124986;25.9375468;23.11711768;21.41069229;;
;;;;;;;;;;41.66469359;54.01955296;40.72438675;31.24153758;30.1375955;15.65891721;22.49072647;;
;;;;;;;;;;46.89016008;47.37879526;28.48809059;48.74167648;15.2976966;19.77935632;19.47628684;;
;;;;;;;;;;16.34955928;45.35341707;25.09533341;42.26461542;35.76786166;39.93016998;20.50085995;;
;;;;;;;;;;92.27778314;25.87306293;42.21118421;15.27306585;19.36991222;35.63754806;46.65496304;;
;;;;;;;;;;43.77894416;47.23401411;45.9302586;47.12450382;41.15601705;25.3419365;48.40623471;;
;;;;;;;;;;32.57967614;26.64261848;18.2013338;45.44800212;24.75020627;10.4491472;7.615208243;;
;;;;;;;;;;;47.8283031;11.25894923;17.00224804;37.52211512;16.38647388;44.88443706;;
;;;;;;;;;;;18.84715197;46.86685973;34.3415101;33.66618501;41.45738232;40.1473259;;
;;;;;;;;;;;9.727749642;42.20775594;40.07428632;28.3772118;35.06789753;25.80970428;;
;;;;;;;;;;;16.17483596;26.27687822;26.53396453;45.53757724;46.93325078;45.00289432;;
;;;;;;;;;;;29.71486092;48.02138931;21.01258771;32.27419406;41.22274097;41.00441242;;
;;;;;;;;;;;40.4630752;18.40967048;20.47373436;35.76703257;39.62878091;21.38213538;;
;;;;;;;;;;;38.07799836;43.34337859;22.66968452;24.95341676;24.23812406;51.46590077;;
;;;;;;;;;;;46.41140231;49.9554821;23.13520332;46.54351097;49.81094136;26.40141145;;
;;;;;;;;;;;40.43806123;45.25662508;49.36229433;46.49264031;39.85521073;58.45311219;;
;;;;;;;;;;;47.77485722;41.26315694;49.11362722;24.55002883;24.92936605;44.94108468;;
;;;;;;;;;;;60.0377474;57.2927176;43.59910187;32.17546274;8.96186419;44.09002169;;
;;;;;;;;;;;25.4343663;48.69498875;26.46091418;34.80186052;28.72042608;32.01054102;;
;;;;;;;;;;;50.10699236;44.90702525;26.85860194;26.31350424;43.56143356;27.10592088;;
;;;;;;;;;;;40.23729029;37.29133407;39.42176793;51.95085887;45.15864769;53.49048468;;
;;;;;;;;;;;23.79336366;48.29797591;43.17661525;28.08661852;8.493933313;17.81680078;;
;;;;;;;;;;;24.08673637;41.23181384;22.92783795;29.04007617;26.24328223;39.13490089;;
;;;;;;;;;;;49.86588723;43.64275397;30.2232184;52.7136441;40.458244;47.25866079;;
;;;;;;;;;;;51.40233823;19.20365779;46.51575154;30.89961914;18.89248445;30.77732916;;
;;;;;;;;;;;42.30364178;41.67738466;42.85159683;41.32949768;39.11873256;46.12661594;;
;;;;;;;;;;;62.29130436;32.00939513;24.7931767;26.64682224;12.04167635;41.05916648;;
;;;;;;;;;;;39.01329804;8.700983348;40.07458209;50.1334463;38.91279839;39.35706401;;
;;;;;;;;;;;29.78099034;37.39189133;48.46004653;40.39324547;41.64868784;41.18169253;;
;;;;;;;;;;;45.94475932;42.11623557;44.78759382;46.15970531;22.65500937;17.39856612;;
;;;;;;;;;;;36.1646638;49.67133992;25.90077803;28.47618482;46.16109916;39.5102359;;
;;;;;;;;;;;35.29330225;43.40611977;40.67222881;28.27389866;46.79781274;38.06735895;;
;;;;;;;;;;;;51.98721137;27.17606391;48.06209936;29.90747295;37.2383538;;
;;;;;;;;;;;;22.4876347;31.65469758;20.2841214;21.76311894;47.37888508;;
;;;;;;;;;;;;19.00548886;31.87482156;16.14256586;38.62455201;34.04698525;;
;;;;;;;;;;;;52.51293067;43.55910182;32.2413592;46.05409407;52.12124653;;
;;;;;;;;;;;;9.465701152;44.36169913;32.88868558;39.68851974;43.88364997;;
;;;;;;;;;;;;47.51441635;20.6822197;23.02853655;25.65284995;38.03290909;;
;;;;;;;;;;;;48.85321865;41.63172211;41.63778656;31.94582533;54.32732596;;
;;;;;;;;;;;;36.36873328;17.23482494;47.72806803;9.165515316;15.61466519;;
;;;;;;;;;;;;18.04906131;44.52010743;46.03578138;39.28064419;31.21121248;;
;;;;;;;;;;;;45.22301307;47.826229;48.03952045;43.44002367;26.31146087;;
;;;;;;;;;;;;35.52701282;47.28624428;46.4460389;12.95363465;47.14936891;;
;;;;;;;;;;;;12.68634958;40.38116006;20.04992587;39.39393798;43.26764065;;
;;;;;;;;;;;;49.46339686;47.7906293;43.46689401;47.11485446;48.89138529;;
;;;;;;;;;;;;42.59811316;31.02412109;40.81148962;38.62834554;35.5391522;;
;;;;;;;;;;;;46.18198651;25.06890262;20.69336173;38.26521776;18.42899249;;
;;;;;;;;;;;;52.65342113;41.46961634;32.77675946;20.84348101;22.32887142;;
;;;;;;;;;;;;20.2853937;39.94061895;21.07990237;34.43636302;42.24269119;;
;;;;;;;;;;;;18.78114809;27.09005104;10.87269035;50.06310219;57.6413521;;
;;;;;;;;;;;;37.17484667;29.94177983;46.4464384;18.49143598;25.54006553;;
;;;;;;;;;;;;31.65959244;22.22853338;27.66980805;42.93139472;32.89203274;;
;;;;;;;;;;;;55.88745815;42.63206054;21.39581959;23.80888012;44.98853592;;
;;;;;;;;;;;;44.31185469;33.11046015;27.61821111;47.38121179;33.37162441;;
;;;;;;;;;;;;41.43517405;49.99734848;20.70614517;12.39092805;39.5602881;;
;;;;;;;;;;;;21.41336103;46.29982319;19.23105639;42.58604073;41.06852963;;
;;;;;;;;;;;;25.25786902;39.24872869;37.55144968;32.25920161;38.40507055;;
;;;;;;;;;;;;;45.62070073;21.89534934;47.30333537;40.69751169;;
;;;;;;;;;;;;;31.49640786;50.01687329;34.31282757;35.46323941;;
;;;;;;;;;;;;;24.11241853;10.31488597;40.64619835;65.88128252;;
;;;;;;;;;;;;;45.0190294;30.45651596;37.865651;27.58420523;;
;;;;;;;;;;;;;43.13843294;26.47481764;36.31705361;46.57029394;;
;;;;;;;;;;;;;26.11454114;26.75629329;27.52393354;41.33068165;;
;;;;;;;;;;;;;45.5197088;38.41733225;52.60155366;41.88496269;;
;;;;;;;;;;;;;33.83657475;45.48094166;28.25505475;30.32387895;;
;;;;;;;;;;;;;24.67683309;43.22749241;38.79797421;29.86574572;;
;;;;;;;;;;;;;42.00618407;33.76105226;24.69638086;52.53032884;;
;;;;;;;;;;;;;21.22215812;45.15522614;16.89470671;53.53037684;;
;;;;;;;;;;;;;26.52840824;40.08910801;22.32388291;33.87557858;;
;;;;;;;;;;;;;38.38798908;45.99793398;20.48131417;47.54837248;;
;;;;;;;;;;;;;35.27692648;40.66587521;42.59564069;47.23446636;;
;;;;;;;;;;;;;45.00393689;27.59012833;11.78304837;51.87672407;;
;;;;;;;;;;;;;50.14051707;41.83021528;44.39808355;20.30896804;;
;;;;;;;;;;;;;41.34629966;21.99679295;16.8386423;42.23627444;;
;;;;;;;;;;;;;41.35662633;44.87790067;46.8597571;27.21925337;;
;;;;;;;;;;;;;55.15216161;25.58233954;38.99929391;22.90302999;;
;;;;;;;;;;;;;17.82278816;27.65813895;45.18569709;21.03521508;;
;;;;;;;;;;;;;46.02350877;45.07909702;28.23160093;18.66771896;;
;;;;;;;;;;;;;40.97101829;18.45980593;31.24005023;50.33409635;;
;;;;;;;;;;;;;40.8767054;41.46431834;25.41247136;26.77063393;;
;;;;;;;;;;;;;33.25618497;25.83285716;26.13948899;15.5410049;;
;;;;;;;;;;;;;34.93382269;43.39725892;21.24122003;46.04889552;;
;;;;;;;;;;;;;;25.86393939;51.19046359;11.00510695;;
;;;;;;;;;;;;;;49.60483682;37.67430948;16.45978355;;
;;;;;;;;;;;;;;35.59803523;43.17864913;17.30819071;;
;;;;;;;;;;;;;;31.67492743;34.298531;25.66156266;;
;;;;;;;;;;;;;;30.76148021;46.47975026;24.82982008;;
;;;;;;;;;;;;;;32.94397372;26.68864186;26.10821269;;
;;;;;;;;;;;;;;41.90532615;49.10957881;8.979725013;;
;;;;;;;;;;;;;;40.58839111;50.28979673;39.3660851;;
;;;;;;;;;;;;;;18.83077665;40.06614679;40.98781901;;
;;;;;;;;;;;;;;25.77716783;42.23111082;20.01848572;;
;;;;;;;;;;;;;;16.34955928;26.89082128;42.1737868;;
;;;;;;;;;;;;;;30.47285744;51.4483057;44.29095236;;
;;;;;;;;;;;;;;17.63528698;41.49081771;38.9035115;;
;;;;;;;;;;;;;;40.75815944;51.53200582;28.69550947;;
;;;;;;;;;;;;;;32.57967614;22.21749336;22.9123059;;
;;;;;;;;;;;;;;44.38825844;19.58711914;14.86002495;;
;;;;;;;;;;;;;;41.39623197;40.32002961;23.09048407;;
;;;;;;;;;;;;;;39.324056;20.07719946;53.74032844;;
;;;;;;;;;;;;;;53.92019972;42.70294542;41.04303242;;
;;;;;;;;;;;;;;7.666264824;18.95427922;27.82113391;;
;;;;;;;;;;;;;;39.79934407;39.06830006;35.11145354;;
;;;;;;;;;;;;;;33.87959156;30.46569622;42.61651086;;
;;;;;;;;;;;;;;9.165515316;36.03218871;44.95650438;;
;;;;;;;;;;;;;;48.97893562;24.13734356;55.42259138;;
;;;;;;;;;;;;;;47.30851683;7.531872916;11.37916508;;
;;;;;;;;;;;;;;21.54669341;22.28078368;19.60564216;;
;;;;;;;;;;;;;;46.62032195;44.54135137;26.36544325;;
;;;;;;;;;;;;;;42.54263112;56.14688066;38.85567847;;
;;;;;;;;;;;;;;45.40010133;17.13007961;19.50564617;;
;;;;;;;;;;;;;;28.75172236;18.24990817;40.49989663;;
;;;;;;;;;;;;;;54.24653412;42.66520747;34.63343828;;
;;;;;;;;;;;;;;31.79472593;47.9960378;40.63897317;;
;;;;;;;;;;;;;;40.45222416;19.67669401;42.44100364;;
;;;;;;;;;;;;;;34.17143293;46.62023427;31.97078365;;
;;;;;;;;;;;;;;39.6759339;27.60363112;15.72335501;;
;;;;;;;;;;;;;;22.15179723;28.91713191;48.79653917;;
;;;;;;;;;;;;;;39.90705679;12.86314391;42.31691169;;
;;;;;;;;;;;;;;45.48010869;21.03156675;21.66228166;;
;;;;;;;;;;;;;;26.75890584;23.40293991;44.9988729;;
;;;;;;;;;;;;;;38.10853714;14.69918144;44.47597357;;
;;;;;;;;;;;;;;26.03770771;28.96579968;47.59262533;;
;;;;;;;;;;;;;;19.02027924;40.29229561;44.91881425;;
;;;;;;;;;;;;;;48.75877456;29.50936103;42.95060059;;
;;;;;;;;;;;;;;25.95894837;39.67458347;26.14944991;;
;;;;;;;;;;;;;;42.64822479;49.83763129;19.95729786;;
;;;;;;;;;;;;;;46.16509696;23.02837667;41.67169038;;
;;;;;;;;;;;;;;47.41753201;43.84483274;20.98718206;;
;;;;;;;;;;;;;;10.98188312;46.28345077;44.01221852;;
;;;;;;;;;;;;;;36.7428446;34.69653405;44.54656487;;
;;;;;;;;;;;;;;46.01988103;20.88980055;42.91876456;;
;;;;;;;;;;;;;;39.37266997;47.05678332;46.03259012;;
;;;;;;;;;;;;;;38.2529357;13.71851044;43.40431007;;
;;;;;;;;;;;;;;32.51727905;48.78032571;42.40949161;;
;;;;;;;;;;;;;;26.15559547;42.14646369;31.18940508;;
;;;;;;;;;;;;;;8.309008685;53.86783818;22.86461139;;
;;;;;;;;;;;;;;22.68263907;28.55208896;25.89812485;;
;;;;;;;;;;;;;;14.05829083;25.13660888;43.39050123;;
;;;;;;;;;;;;;;12.04860767;39.19515342;40.87221756;;
;;;;;;;;;;;;;;54.88096919;48.09421151;20.61085818;;
;;;;;;;;;;;;;;41.50634287;41.61373688;37.63843214;;
;;;;;;;;;;;;;;35.29813777;46.58610646;44.10747962;;
;;;;;;;;;;;;;;26.01023489;8.146378568;11.47661518;;
;;;;;;;;;;;;;;7.969647034;48.16925879;19.42593767;;
;;;;;;;;;;;;;;19.01754937;38.23013683;50.95674636;;
;;;;;;;;;;;;;;28.01921978;41.09337641;25.83006392;;
;;;;;;;;;;;;;;17.78320264;38.13029881;48.26023078;;
;;;;;;;;;;;;;;42.66054982;40.50631774;24.21814799;;
;;;;;;;;;;;;;;49.55376151;37.3467191;38.80669034;;
;;;;;;;;;;;;;;41.49106444;42.14356004;41.3193414;;
;;;;;;;;;;;;;;17.15667998;26.34896887;18.90948764;;
;;;;;;;;;;;;;;47.04572371;44.35447608;20.72380505;;
;;;;;;;;;;;;;;42.01526096;37.28206552;48.2760712;;
;;;;;;;;;;;;;;38.91715179;17.73396639;41.20372634;;
;;;;;;;;;;;;;;24.7155088;20.71400968;47.63578911;;
;;;;;;;;;;;;;;26.11203152;30.60980246;18.91954287;;
;;;;;;;;;;;;;;37.93976106;51.05381079;41.2697609;;
;;;;;;;;;;;;;;25.63369017;27.96424272;45.20565983;;
;;;;;;;;;;;;;;21.56006299;22.33514511;41.45680318;;
;;;;;;;;;;;;;;47.58210915;20.28231557;38.19923086;;
;;;;;;;;;;;;;;41.3143302;45.28256783;47.957482;;
;;;;;;;;;;;;;;40.47497042;47.83199032;26.40237858;;
;;;;;;;;;;;;;;33.22763526;47.59965483;37.28461964;;
;;;;;;;;;;;;;;30.27649962;30.1795044;28.21461769;;
;;;;;;;;;;;;;;46.38264561;42.7413663;9.095110622;;
;;;;;;;;;;;;;;46.5622962;27.32828387;18.29182919;;
;;;;;;;;;;;;;;46.771633;36.2828628;45.60053997;;
;;;;;;;;;;;;;;22.89541834;46.793118;46.30501827;;
;;;;;;;;;;;;;;28.79490663;26.71069583;43.21431836;;
;;;;;;;;;;;;;;19.12041095;39.97982961;7.791295007;;
;;;;;;;;;;;;;;31.96636336;23.46467473;17.93087547;;
;;;;;;;;;;;;;;40.04847637;22.54942263;18.34478214;;
;;;;;;;;;;;;;;59.16627545;29.64066886;48.56484666;;
;;;;;;;;;;;;;;41.62022685;24.00597137;47.91074475;;
;;;;;;;;;;;;;;46.4429553;48.80447206;45.89124481;;
;;;;;;;;;;;;;;24.46455691;33.96087923;21.21676329;;
;;;;;;;;;;;;;;9.889355472;47.2121604;38.4192804;;
;;;;;;;;;;;;;;29.19027535;16.74588318;38.13244516;;
;;;;;;;;;;;;;;48.29465651;44.93144579;36.56673392;;
;;;;;;;;;;;;;;48.25240753;41.09052495;40.57393064;;
;;;;;;;;;;;;;;18.75862122;48.16883325;52.22419637;;
;;;;;;;;;;;;;;36.3570121;43.12015388;47.97375353;;
;;;;;;;;;;;;;;15.60746778;48.72121646;25.41077442;;
;;;;;;;;;;;;;;42.32602133;45.02673367;39.41152241;;
;;;;;;;;;;;;;;42.27283424;48.34431993;62.57235912;;
;;;;;;;;;;;;;;9.540965859;37.41009409;68.19397264;;
;;;;;;;;;;;;;;47.33615276;40.77912179;48.49562287;;
;;;;;;;;;;;;;;43.18629058;36.63933833;38.28865316;;
;;;;;;;;;;;;;;33.70659611;51.66455559;27.03822005;;
;;;;;;;;;;;;;;21.90158236;27.10756;30.59987496;;
;;;;;;;;;;;;;;38.88956413;21.70791188;28.59848529;;
;;;;;;;;;;;;;;41.28489253;48.51226955;22.52011751;;
;;;;;;;;;;;;;;43.47251386;48.40322479;45.14102668;;
;;;;;;;;;;;;;;44.98382323;27.18135415;26.34896887;;
;;;;;;;;;;;;;;16.4866768;23.28303592;47.07566125;;
;;;;;;;;;;;;;;31.46100617;20.07801676;34.09789354;;
;;;;;;;;;;;;;;40.6652546;47.6654973;36.83189758;;
;;;;;;;;;;;;;;10.58559726;43.6110834;58.15344284;;
;;;;;;;;;;;;;;47.979178;41.23210491;17.80656602;;
;;;;;;;;;;;;;;18.9060206;16.1242424;22.37825972;;
;;;;;;;;;;;;;;36.3843647;42.94368922;48.34709451;;
;;;;;;;;;;;;;;49.34543772;53.36096073;56.96941554;;
;;;;;;;;;;;;;;26.1944631;41.11434224;27.79109198;;
;;;;;;;;;;;;;;21.57980669;23.45311326;36.43470941;;
;;;;;;;;;;;;;;17.28045449;18.77700083;23.26413779;;
;;;;;;;;;;;;;;36.82446065;27.35256306;30.12956828;;
;;;;;;;;;;;;;;38.7346481;42.83929837;44.01339826;;
;;;;;;;;;;;;;;11.18182104;46.48398581;28.20415951;;
;;;;;;;;;;;;;;48.71216343;46.58955291;44.0822469;;
;;;;;;;;;;;;;;40.79956066;22.98992474;17.91943469;;
;;;;;;;;;;;;;;48.74404387;46.53159047;28.69852694;;
;;;;;;;;;;;;;;47.43707715;21.21982456;29.71823818;;
;;;;;;;;;;;;;;42.11131497;59.98714748;36.58150181;;
;;;;;;;;;;;;;;43.18548753;41.40041708;52.44166911;;
;;;;;;;;;;;;;;43.05178707;48.49566148;20.17116239;;
;;;;;;;;;;;;;;10.52548498;21.15706302;19.16911448;;
;;;;;;;;;;;;;;25.16604798;7.846823586;34.18063739;;
;;;;;;;;;;;;;;33.88214304;23.92792766;35.4426337;;
;;;;;;;;;;;;;;41.41029313;44.77675425;39.51641531;;
;;;;;;;;;;;;;;19.93996581;43.28220444;27.15562227;;
;;;;;;;;;;;;;;47.5400523;19.3752484;10.34879126;;
;;;;;;;;;;;;;;21.48325325;31.98023171;40.61650475;;
;;;;;;;;;;;;;;46.56749607;44.34732774;49.07791838;;
;;;;;;;;;;;;;;20.41110702;41.01108006;41.97176194;;
;;;;;;;;;;;;;;25.84087885;33.1380227;40.96927486;;
;;;;;;;;;;;;;;22.68973478;43.49870472;22.61727394;;
;;;;;;;;;;;;;;8.357361576;38.73838131;43.91978015;;
;;;;;;;;;;;;;;44.36071972;28.12230569;28.50094447;;
;;;;;;;;;;;;;;38.25274721;20.62236569;12.22047102;;
;;;;;;;;;;;;;;18.91636545;24.8744967;19.47790193;;
;;;;;;;;;;;;;;53.15160376;30.55467891;48.7243943;;
;;;;;;;;;;;;;;39.82318389;42.89867601;22.31318216;;
;;;;;;;;;;;;;;24.58238909;50.68950813;47.36118912;;
;;;;;;;;;;;;;;44.164392;50.56199018;34.52562458;;
;;;;;;;;;;;;;;28.32892843;40.24036962;48.03231368;;
;;;;;;;;;;;;;;44.86981596;41.18606416;32.58894817;;
;;;;;;;;;;;;;;46.94310191;26.18680612;50.004951;;
;;;;;;;;;;;;;;19.99943682;37.14138073;47.44256816;;
;;;;;;;;;;;;;;20.67672279;47.82553071;44.93969107;;
;;;;;;;;;;;;;;41.61556998;45.74901984;25.74328612;;
;;;;;;;;;;;;;;46.05019513;28.23160093;21.99261737;;
;;;;;;;;;;;;;;49.50037947;40.49899354;30.42199148;;
;;;;;;;;;;;;;;45.71590934;21.17493674;17.70744867;;
;;;;;;;;;;;;;;17.51949242;46.39350278;50.10442693;;
;;;;;;;;;;;;;;41.96188959;38.97172625;41.47925659;;
;;;;;;;;;;;;;;9.727749642;18.52995468;30.52942593;;
;;;;;;;;;;;;;;41.99389696;46.46936035;16.76112435;;
;;;;;;;;;;;;;;36.86310781;35.23555941;44.34889666;;
;;;;;;;;;;;;;;37.90832952;27.70966993;26.05627096;;
;;;;;;;;;;;;;;24.48701122;46.51631214;8.927856642;;
;;;;;;;;;;;;;;30.75614908;43.29611745;43.96405987;;
;;;;;;;;;;;;;;40.4630752;26.9581671;28.62040502;;
;;;;;;;;;;;;;;27.57101414;17.1631908;20.0300496;;
;;;;;;;;;;;;;;8.096997427;24.98290098;20.17318756;;
;;;;;;;;;;;;;;49.49426407;44.67668711;27.63561234;;
;;;;;;;;;;;;;;44.87904526;28.44499264;21.09159834;;
;;;;;;;;;;;;;;26.18145307;37.6875624;45.90126502;;
;;;;;;;;;;;;;;43.48110075;24.90310461;42.40652733;;
;;;;;;;;;;;;;;25.4343663;28.50951873;36.47079757;;
;;;;;;;;;;;;;;52.14247243;23.5267342;29.91883157;;
;;;;;;;;;;;;;;40.82894803;38.55112025;39.37109616;;
;;;;;;;;;;;;;;21.88307383;43.42732416;44.29493195;;
;;;;;;;;;;;;;;38.33646724;49.08520462;18.78632394;;
;;;;;;;;;;;;;;41.67738466;25.08298078;44.51804334;;
;;;;;;;;;;;;;;40.83571907;28.62343047;40.39625248;;
;;;;;;;;;;;;;;26.81589087;23.16191171;36.07832313;;
;;;;;;;;;;;;;;39.36130969;19.33325219;39.90008906;;
;;;;;;;;;;;;;;42.53402866;46.58867463;16.27081296;;
;;;;;;;;;;;;;;15.75360817;38.64801967;36.35092483;;
;;;;;;;;;;;;;;23.24471432;8.760303599;16.88026084;;
;;;;;;;;;;;;;;44.51944817;15.05969267;37.99285498;;
;;;;;;;;;;;;;;49.57641341;19.85388693;47.69429608;;
;;;;;;;;;;;;;;14.34486479;43.5599246;42.53436533;;
;;;;;;;;;;;;;;24.76635942;33.00164196;16.38687788;;
;;;;;;;;;;;;;;43.95166934;40.87923189;47.65393999;;
;;;;;;;;;;;;;;29.79605981;41.46047141;43.31088225;;
;;;;;;;;;;;;;;20.10533725;16.88089543;36.60438891;;
;;;;;;;;;;;;;;48.34152656;21.43059316;92.1463265;;
;;;;;;;;;;;;;;18.71100107;28.82752011;30.79016987;;
;;;;;;;;;;;;;;29.84009733;27.12098136;39.15876129;;
;;;;;;;;;;;;;;30.33234648;44.4958019;57.21951562;;
;;;;;;;;;;;;;;;17.59934582;38.56664425;;
;;;;;;;;;;;;;;;51.96214575;34.47413321;;
;;;;;;;;;;;;;;;43.83071815;39.1583418;;
;;;;;;;;;;;;;;;40.35142469;43.27796876;;
;;;;;;;;;;;;;;;23.84824929;32.98715349;;
;;;;;;;;;;;;;;;23.12893404;39.06455314;;
;;;;;;;;;;;;;;;40.23930971;20.83691756;;
;;;;;;;;;;;;;;;22.78574437;23.56031175;;
;;;;;;;;;;;;;;;50.95686775;19.83388473;;
;;;;;;;;;;;;;;;43.06625826;17.28286705;;
;;;;;;;;;;;;;;;46.50287665;41.94213644;;
;;;;;;;;;;;;;;;41.50087921;48.12925487;;
;;;;;;;;;;;;;;;8.173876303;48.3425909;;
;;;;;;;;;;;;;;;18.52898759;41.87797005;;
;;;;;;;;;;;;;;;41.47564275;42.01521485;;
;;;;;;;;;;;;;;;23.41291582;23.42460058;;
;;;;;;;;;;;;;;;49.26468722;24.12652831;;
;;;;;;;;;;;;;;;42.79029095;44.37038054;;
;;;;;;;;;;;;;;;47.19651784;41.65201683;;
;;;;;;;;;;;;;;;44.6080727;38.34307135;;
;;;;;;;;;;;;;;;37.69579157;51.18244251;;
;;;;;;;;;;;;;;;47.9289796;20.48466739;;
;;;;;;;;;;;;;;;41.92178458;23.58427938;;
;;;;;;;;;;;;;;;39.78658846;23.93980579;;
;;;;;;;;;;;;;;;38.98912276;28.96490654;;
;;;;;;;;;;;;;;;7.845702598;23.53789642;;
;;;;;;;;;;;;;;;14.40658246;41.23668297;;
;;;;;;;;;;;;;;;40.77688938;33.76220361;;
;;;;;;;;;;;;;;;42.37436429;44.69327598;;
;;;;;;;;;;;;;;;8.843748288;46.66466856;;
;;;;;;;;;;;;;;;39.37278238;27.18409557;;
;;;;;;;;;;;;;;;12.6548153;38.60052167;;
;;;;;;;;;;;;;;;41.38044323;30.28397984;;
;;;;;;;;;;;;;;;40.94584318;43.90029023;;
;;;;;;;;;;;;;;;21.60518367;41.71668091;;
;;;;;;;;;;;;;;;41.23372464;29.27289613;;
;;;;;;;;;;;;;;;18.89132487;41.26024912;;
;;;;;;;;;;;;;;;49.20082158;23.19639175;;
;;;;;;;;;;;;;;;20.05449756;24.95596834;;
;;;;;;;;;;;;;;;41.05741355;15.58330465;;
;;;;;;;;;;;;;;;45.94461209;26.8011063;;
;;;;;;;;;;;;;;;41.50911061;17.35040395;;
;;;;;;;;;;;;;;;34.92997208;37.94115341;;
;;;;;;;;;;;;;;;7.948335479;41.59692803;;
;;;;;;;;;;;;;;;43.37710402;41.14547043;;
;;;;;;;;;;;;;;;23.18040763;46.60126016;;
;;;;;;;;;;;;;;;47.87680952;47.10475526;;
;;;;;;;;;;;;;;;10.57272892;17.29474209;;
;;;;;;;;;;;;;;;21.12575156;47.53572916;;
;;;;;;;;;;;;;;;46.19074055;27.01492266;;
;;;;;;;;;;;;;;;40.39990596;44.57077619;;
;;;;;;;;;;;;;;;48.72966615;27.2844155;;
;;;;;;;;;;;;;;;25.66856835;9.085853937;;
;;;;;;;;;;;;;;;46.54471346;30.74276721;;
;;;;;;;;;;;;;;;12.55378663;48.97923051;;
;;;;;;;;;;;;;;;36.52186286;21.02631111;;
;;;;;;;;;;;;;;;35.62329442;29.15193103;;
;;;;;;;;;;;;;;;32.80737216;43.87596612;;
;;;;;;;;;;;;;;;30.97900631;23.28159427;;
;;;;;;;;;;;;;;;44.51181402;46.92247423;;
;;;;;;;;;;;;;;;48.75866158;32.59674673;;
;;;;;;;;;;;;;;;39.47277948;33.80918175;;
;;;;;;;;;;;;;;;27.59937342;21.87326832;;
;;;;;;;;;;;;;;;33.82740075;28.71566928;;
;;;;;;;;;;;;;;;30.39130647;44.17313481;;
;;;;;;;;;;;;;;;23.36765736;8.073788872;;
;;;;;;;;;;;;;;;35.07134798;28.40322531;;
;;;;;;;;;;;;;;;32.31143285;22.55832511;;
;;;;;;;;;;;;;;;41.25138504;40.74532056;;
;;;;;;;;;;;;;;;44.89880961;43.17808855;;
;;;;;;;;;;;;;;;20.04068426;44.65670506;;
;;;;;;;;;;;;;;;37.77478566;41.08715819;;
;;;;;;;;;;;;;;;47.29476994;44.82595539;;
;;;;;;;;;;;;;;;14.86275634;40.48564239;;
;;;;;;;;;;;;;;;25.57616631;41.69230429;;
;;;;;;;;;;;;;;;42.70227398;40.32833191;;
;;;;;;;;;;;;;;;43.51875056;42.52060824;;
;;;;;;;;;;;;;;;18.51236083;46.3186837;;
;;;;;;;;;;;;;;;38.57206919;27.65535148;;
;;;;;;;;;;;;;;;21.56006299;48.61306624;;
;;;;;;;;;;;;;;;31.74268611;30.1890124;;
;;;;;;;;;;;;;;;47.16990647;28.06941937;;
;;;;;;;;;;;;;;;25.98676756;42.24200167;;
;;;;;;;;;;;;;;;44.81317122;31.33389919;;
;;;;;;;;;;;;;;;22.47823466;35.32096703;;
;;;;;;;;;;;;;;;21.10316479;41.03768628;;
;;;;;;;;;;;;;;;42.1189159;31.58774486;;
;;;;;;;;;;;;;;;45.87038119;45.47413888;;
;;;;;;;;;;;;;;;17.88332622;26.65539093;;
;;;;;;;;;;;;;;;47.20171355;15.05172217;;
;;;;;;;;;;;;;;;34.48617564;46.88293457;;
;;;;;;;;;;;;;;;21.88567072;41.52819554;;
;;;;;;;;;;;;;;;19.37226465;27.17303696;;
;;;;;;;;;;;;;;;23.39116574;26.97419708;;
;;;;;;;;;;;;;;;31.68066159;61.46004068;;
;;;;;;;;;;;;;;;18.45170736;41.6796429;;
;;;;;;;;;;;;;;;39.65739556;39.80395562;;
;;;;;;;;;;;;;;;26.87697986;19.96061553;;
;;;;;;;;;;;;;;;45.0080961;61.03773155;;
;;;;;;;;;;;;;;;32.92829108;33.23342936;;
;;;;;;;;;;;;;;;36.87771865;39.84091054;;
;;;;;;;;;;;;;;;16.48181197;41.42016472;;
;;;;;;;;;;;;;;;25.02920735;20.81539635;;
;;;;;;;;;;;;;;;43.78816197;23.69513996;;
;;;;;;;;;;;;;;;31.01672357;47.78169636;;
;;;;;;;;;;;;;;;11.04467149;37.15916387;;
;;;;;;;;;;;;;;;41.81638758;22.22485597;;
;;;;;;;;;;;;;;;37.06338262;42.86723336;;
;;;;;;;;;;;;;;;21.57330894;20.8551863;;
;;;;;;;;;;;;;;;26.05920643;28.47115051;;
;;;;;;;;;;;;;;;18.58693695;20.05144939;;
;;;;;;;;;;;;;;;24.91029187;22.23066536;;
;;;;;;;;;;;;;;;40.75163026;42.19074792;;
;;;;;;;;;;;;;;;21.68694521;12.6920824;;
;;;;;;;;;;;;;;;50.70369618;23.98829129;;
;;;;;;;;;;;;;;;54.34110784;44.24665187;;
;;;;;;;;;;;;;;;26.19871349;40.54125601;;
;;;;;;;;;;;;;;;21.1646462;45.61417232;;
;;;;;;;;;;;;;;;20.10485047;25.15474446;;
;;;;;;;;;;;;;;;46.14020481;30.21557067;;
;;;;;;;;;;;;;;;39.29691685;37.07890264;;
;;;;;;;;;;;;;;;46.0220678;45.24136701;;
;;;;;;;;;;;;;;;50.77085828;49.19819589;;
;;;;;;;;;;;;;;;23.29120782;41.46308089;;
;;;;;;;;;;;;;;;12.43552333;30.02198424;;
;;;;;;;;;;;;;;;21.55418487;41.02359545;;
;;;;;;;;;;;;;;;49.34823057;20.26056865;;
;;;;;;;;;;;;;;;25.8350534;42.94371394;;
;;;;;;;;;;;;;;;43.82013049;41.52883767;;
;;;;;;;;;;;;;;;43.00649902;11.92162903;;
;;;;;;;;;;;;;;;42.80404474;47.55676081;;
;;;;;;;;;;;;;;;51.31319739;32.26749647;;
;;;;;;;;;;;;;;;8.778231093;45.7900108;;
;;;;;;;;;;;;;;;20.11307493;45.39935426;;
;;;;;;;;;;;;;;;43.27590804;40.75978233;;
;;;;;;;;;;;;;;;51.19405622;43.1861534;;
;;;;;;;;;;;;;;;42.12905822;42.22121346;;
;;;;;;;;;;;;;;;21.70632618;41.97787972;;
;;;;;;;;;;;;;;;13.2729699;40.76132052;;
;;;;;;;;;;;;;;;22.91010293;44.54903015;;
;;;;;;;;;;;;;;;37.9957117;23.33793517;;
;;;;;;;;;;;;;;;44.59983684;21.50090787;;
;;;;;;;;;;;;;;;46.38437656;45.85797942;;
;;;;;;;;;;;;;;;39.00405361;44.52267303;;
;;;;;;;;;;;;;;;47.44726764;34.73635674;;
;;;;;;;;;;;;;;;31.33437137;46.35833013;;
;;;;;;;;;;;;;;;26.32987336;45.482479;;
;;;;;;;;;;;;;;;39.63095952;50.161198;;
;;;;;;;;;;;;;;;42.44058047;45.24971454;;
;;;;;;;;;;;;;;;35.08559089;25.15114782;;
;;;;;;;;;;;;;;;40.57192278;47.58391273;;
;;;;;;;;;;;;;;;34.5775086;48.45736549;;
;;;;;;;;;;;;;;;20.43286208;36.62992326;;
;;;;;;;;;;;;;;;46.20867667;28.38869913;;
;;;;;;;;;;;;;;;21.79967388;46.50167037;;
;;;;;;;;;;;;;;;22.95142495;34.7889667;;
;;;;;;;;;;;;;;;45.6086371;43.22632064;;
;;;;;;;;;;;;;;;44.5103641;25.13960671;;
;;;;;;;;;;;;;;;37.03476742;18.80625912;;
;;;;;;;;;;;;;;;34.1768424;49.34594396;;
;;;;;;;;;;;;;;;17.7448227;39.55975939;;
;;;;;;;;;;;;;;;48.17123304;46.61892433;;
;;;;;;;;;;;;;;;18.80986689;46.31242414;;
;;;;;;;;;;;;;;;21.27506645;30.2819635;;
;;;;;;;;;;;;;;;44.69641475;31.02286196;;
;;;;;;;;;;;;;;;38.98003039;16.41305255;;
;;;;;;;;;;;;;;;31.10307945;25.33639037;;
;;;;;;;;;;;;;;;43.77248295;32.21652556;;
;;;;;;;;;;;;;;;41.29816205;47.05446398;;
;;;;;;;;;;;;;;;29.25595529;42.50211581;;
;;;;;;;;;;;;;;;41.31203975;8.654799313;;
;;;;;;;;;;;;;;;20.10061569;14.45974138;;
;;;;;;;;;;;;;;;10.73332528;11.0622949;;
;;;;;;;;;;;;;;;7.921857775;47.00610853;;
;;;;;;;;;;;;;;;22.52119301;28.31861085;;
;;;;;;;;;;;;;;;10.20222319;36.1829878;;
;;;;;;;;;;;;;;;20.64873991;46.46244231;;
;;;;;;;;;;;;;;;50.42049683;32.876376;;
;;;;;;;;;;;;;;;29.08927403;45.46750988;;
;;;;;;;;;;;;;;;40.86516384;40.57662974;;
;;;;;;;;;;;;;;;10.25695181;21.23610102;;
;;;;;;;;;;;;;;;20.77153432;21.27728455;;
;;;;;;;;;;;;;;;10.98906065;43.29345531;;
;;;;;;;;;;;;;;;50.60992452;9.831442318;;
;;;;;;;;;;;;;;;25.50065624;60.13844272;;
;;;;;;;;;;;;;;;40.96467238;14.40057557;;
;;;;;;;;;;;;;;;61.95823119;21.52416755;;
;;;;;;;;;;;;;;;55.38467537;41.84755376;;
;;;;;;;;;;;;;;;16.87402026;17.72332945;;
;;;;;;;;;;;;;;;27.26009827;44.40490229;;
;;;;;;;;;;;;;;;45.6123681;35.76653759;;
;;;;;;;;;;;;;;;22.28161991;34.79162527;;
;;;;;;;;;;;;;;;31.37685071;31.73675898;;
;;;;;;;;;;;;;;;40.12497277;18.41647064;;
;;;;;;;;;;;;;;;13.53546534;43.53459415;;
;;;;;;;;;;;;;;;38.33365861;41.41996444;;
;;;;;;;;;;;;;;;36.88664132;25.11445093;;
;;;;;;;;;;;;;;;51.51158485;40.57862794;;
;;;;;;;;;;;;;;;40.71757328;44.55866518;;
;;;;;;;;;;;;;;;28.08872164;;;
