Taxa;T-index;M-index;Area;pfT-index (C);pfT-index (A)
Pro.muelleri;12.91072051;0.552859591;30;3.102811866;1.664328721
Pro.muelleri;10.69855137;0.58442397;49;3.144652541;1.580686126
Pro.muelleri;10.10688576;0.530758022;50;2.972332529;1.537154304
Pro.muelleri;16.12311172;0.628532255;47;3.316174667;1.682023225
Pro.muelleri;25.22315581;0.72588243;27;3.953704797;1.920648176
Pro.muelleri;12.81781184;0.459097306;17;2.696416975;1.734122497
Pro.muelleri;8.344475278;0.536779648;26;2.597291835;1.492799593
Pro.muelleri;11.16605471;0.573497668;16;2.908916452;1.574976748
Pro.muelleri;11.70197837;0.577223864;41;3.106015619;1.610121681
Pro.muelleri;32.63118361;0.680419356;11;3.994827403;2.166842816
Pro.muelleri;10.36052761;0.559605479;43;3.082206084;1.5513475
Pro.muelleri;12.27552016;0.602261075;47;3.262738733;1.673146609
Pro.muelleri;9.966296684;0.230608362;13;2.504119626;1.381817098
Pro.muelleri;8.660212915;0.248783864;11;2.433286758;1.403465068
Pro.muelleri;9.729258237;0.539479811;49;2.992327911;1.534610911
Pro.muelleri;5.779094239;0.165421381;19;1.839009368;1.235114367
Pro.muelleri;11.10822223;0.611968771;30;2.968722856;1.601518012
Pro.muelleri;5.235657904;0.164560418;18;1.9462803;1.250321648
Pro.muelleri;16.4208589;0.660284419;33;3.55527034;1.749461324
Pro.muelleri;14.58058736;0.618108156;21;3.321726313;1.714314668
Pro.muelleri;5.708529808;0.186640239;40;1.945409736;1.244035577
Pro.muelleri;20.38749391;0.525153407;49;3.593426483;1.817624071
Pro.muelleri;20.8817016;0.577487061;28;3.639502452;1.781353826
Pro.muelleri;15.04113326;0.627582018;38;3.375938475;1.77544146
Pro.muelleri;16.06874514;0.608185764;20;3.306319799;1.706233227
Pro.muelleri;14.95713;0.571644654;28;3.062697739;1.732874145
Pro.muelleri;19.28484552;0.562091117;12;3.095285202;1.776592182
Pro.muelleri;9.515307331;0.587834975;43;2.822726679;1.534615758
Pro.muelleri;8.089795136;0.432671668;40;2.580421771;1.475302297
Pro.muelleri;5.448147761;0.243798868;35;2.104791409;1.294698814
Pro.muelleri;8.892338846;0.504603229;48;2.862329322;1.490398174
Pro.muelleri;42.62243408;0.561152089;13;3.738822313;2.271053412
Pro.muelleri;10.76183595;0.557539762;39;3.09678715;1.553505847
Pro.muelleri;11.50626155;0.567887466;48;3.04753602;1.571246299
Pro.muelleri;33.10290833;0.738524688;18;4.006655468;2.262853974
Pro.muelleri;11.36540086;0.584234986;24;3.144720414;1.577177002
Pro.muelleri;16.45729357;0.564701619;19;3.180172995;1.679548168
Pro.muelleri;12.19397782;0.573522013;41;3.070914201;1.6294828
Pro.muelleri;5.931297058;0.195070168;38;1.972572366;1.258523326
Pro.muelleri;11.40528374;0.569600934;26;3.088302605;1.587218295
Pro.muelleri;22.08682674;0.530627183;23;3.302277302;1.844525778
Pro.muelleri;8.219296719;0.22619927;20;2.328661917;1.402932083
Pro.muelleri;15.20827112;0.65086334;39;3.428179917;1.728433899
Pro.muelleri;40.2728741;0.56981602;13;3.705429586;2.277092859
Pro.muelleri;9.619341054;0.497305095;16;2.865461567;1.521081423
Pro.muelleri;8.302543731;0.469608807;16;2.716075383;1.458912045
Pro.muelleri;6.684765412;0.270000054;45;2.190493633;1.350634129
Pro.muelleri;11.92201339;0.585368231;33;3.14223379;1.634297367
Pro.muelleri;10.67480412;0.548122288;23;2.927788912;1.545045251
Pro.muelleri;13.04813024;0.637484899;46;3.466854141;1.67142671
Pro.muelleri;16.68399343;0.635550871;43;3.536835684;1.745152378
Pro.muelleri;15.36831539;0.58995219;12;3.245598277;1.626273138
Pro.muelleri;10.16791603;0.566012589;35;3.027631284;1.55183239
Pro.muelleri;7.190956049;0.419452145;49;2.549471539;1.409848368
Pro.muelleri;13.87999906;0.593145583;40;3.136731097;1.713223846
Pro.muelleri;29.44245078;0.66936081;30;3.392996765;1.843714941
Pro.muelleri;7.172447464;0.373429968;48;2.446890076;1.422728887
Pro.muelleri;20.67995117;0.613654767;48;3.63553097;1.983965211
Pro.muelleri;28.86285385;0.725826295;36;4.140857366;2.108857045
Pro.muelleri;12.62594027;0.592562135;43;3.328725357;1.662864025
Pro.muelleri;16.6198575;0.638430968;17;3.358318708;1.693449766
Pro.muelleri;21.36207689;0.634608595;15;3.509929222;1.861103242
Pro.muelleri;25.24279119;0.58996574;17;3.536567489;2.001142404
Pro.muelleri;12.40856805;0.579133286;15;3.165420135;1.610690785
Pro.muelleri;9.688276746;0.511815606;22;2.877402913;1.538254535
Pro.muelleri;12.50242972;0.537287903;12;3.141392141;1.641106253
Pro.muelleri;4.870824882;0.174679272;38;1.84923819;1.218380598
Pro.muelleri;11.44593415;0.560650772;31;2.989135756;1.639627861
Pro.muelleri;17.13534782;0.65802506;22;3.895994045;1.780191785
Pro.muelleri;11.70456721;0.569408581;37;3.048597628;1.580159537
Pro.muelleri;11.27648371;0.565063619;38;3.052277418;1.576624613
Pro.muelleri;34.86506842;0.729590378;19;4.139421328;2.251719149
Pro.muelleri;11.14675407;0.562873502;14;3.144512684;1.584694221
Pro.muelleri;6.314913786;0.204115435;19;2.099797238;1.275764822
Pro.muelleri;14.82061922;0.605833017;25;3.281494407;1.663730218
Pro.muelleri;11.88241276;0.559625537;30;3.033742989;1.586351834
Pro.muelleri;17.12558736;0.419609075;38;3.277566596;1.702634815
Pro.muelleri;5.97317972;0.34835206;45;2.338452879;1.344094356
Pro.muelleri;7.247418671;0.249510285;46;2.222448691;1.354839298
Pro.muelleri;33.51314647;0.746822514;18;4.263880143;2.287898848
Pro.muelleri;10.72788148;0.629659305;31;3.060066903;1.598816014
Pro.muelleri;4.859310654;0.189867632;43;2.005868369;1.228984262
Pro.muelleri;12.52059338;0.605367053;16;3.314902605;1.675109238
Pro.muelleri;69.18658531;0.823802316;18;4.593792258;2.650255631
Pro.muelleri;5.907777299;0.399907036;45;2.227248356;1.360512513
Pro.muelleri;11.93244844;0.592159839;49;3.169669667;1.640019673
Pro.muelleri;25.0573374;0.734685202;24;3.998334632;1.931891864
Pan.equicostatus;17.82081597;0.717130812;28;3.781079399;1.893385148
Pan.equicostatus;31.75835875;0.742581466;22;4.223002522;2.357804747
Pan.equicostatus;24.65064659;0.774646381;35;4.289546356;2.003782671
Pan.equicostatus;52.56389222;0.801584865;48;4.559083201;2.393853487
Pan.equicostatus;21.0255794;0.754724115;33;4.160029535;1.930786004
Pan.equicostatus;24.98780409;0.75851381;39;4.067673067;2.115910524
Pan.equicostatus;35.98646511;0.782613858;24;4.363332274;2.231761934
Pan.equicostatus;21.73422256;0.741117122;42;4.248823031;1.951072985
Pan.equicostatus;25.38151904;0.789594338;30;4.478753652;2.027700779
Pan.equicostatus;20.46776588;0.752112552;19;4.091928515;1.929950414
Pan.equicostatus;21.58329213;0.743174725;50;3.886756458;2.026619391
Pan.equicostatus;20.73935198;0.742313655;24;4.145984834;1.87537573
Pan.equicostatus;18.08524596;0.736871787;46;4.092492356;1.829427137
Pan.equicostatus;20.09651372;0.751989114;44;4.117144417;1.866783633
Pan.equicostatus;21.06589649;0.754464562;41;4.081383425;1.952791152
Pan.equicostatus;26.41546369;0.773867386;50;4.245168289;2.053669291
Pan.equicostatus;22.76803523;0.748913487;33;3.935798103;1.990585312
Pan.equicostatus;68.39432921;0.798297881;12;4.506506085;2.513265004
Pan.equicostatus;56.07582376;0.80094084;17;4.486724938;2.375061737
Pan.equicostatus;23.73895195;0.724758116;43;4.191724317;1.966487459
Pan.equicostatus;28.78835555;0.777177888;43;4.309721;2.164618016
Pan.equicostatus;23.23042493;0.78445132;27;4.406998354;1.997351576
Pan.equicostatus;18.34307314;0.725669405;41;3.809089534;1.898310404
Pan.equicostatus;26.63968946;0.707105189;29;4.139708636;1.952379172
Pan.equicostatus;19.37909211;0.739163508;30;4.17817017;1.849181353
Pan.equicostatus;65.58582746;0.796202824;28;4.713231863;2.722715101
Pan.equicostatus;17.48292173;0.726853225;26;4.071545133;1.818593948
Pan.equicostatus;17.47546576;0.72504176;47;3.79252532;1.862964409
Pan.equicostatus;24.62712958;0.748569218;40;3.949223843;2.03142111
Pan.equicostatus;24.98491763;0.758161269;48;4.057986088;2.119090638
Pan.equicostatus;38.6689708;0.788419254;32;4.391576229;2.436408609
Pan.equicostatus;27.41515191;0.780216138;26;4.45816988;2.06254102
Pan.equicostatus;23.77687774;0.767507612;29;4.356877567;1.995060156
Pan.equicostatus;46.42835578;0.793589453;42;4.485695503;2.403120719
Pan.equicostatus;30.71612509;0.770849357;41;4.124268957;2.275555276
Pan.equicostatus;31.40093884;0.790146793;25;4.508919428;2.30558428
Pan.equicostatus;35.50785693;0.810170902;22;4.673034684;2.445963918
Pan.equicostatus;28.1541153;0.783756912;46;4.376180744;2.122775289
Pan.equicostatus;29.80922807;0.782726699;46;4.589618049;2.224443356
Pan.equicostatus;66.54975487;0.83101086;21;4.794267272;2.769833614
Pan.equicostatus;30.10449121;0.793173643;16;4.396993653;2.094044972
Pan.equicostatus;29.17426457;0.778396368;38;4.338518576;2.128401579
Pan.equicostatus;19.47849948;0.741791733;34;3.984698635;1.912556257
Pan.equicostatus;45.72193895;0.787435243;23;4.465054448;2.377540842
Pan.equicostatus;25.17314361;0.762388765;48;4.21140794;2.019564034
Pan.equicostatus;23.3256806;0.752122269;48;4.04482387;2.050442356
Pan.equicostatus;15.71125368;0.714368739;47;3.709402097;1.78931686
Pan.equicostatus;40.22299944;0.803866003;13;4.536235142;2.045342324
Pan.equicostatus;30.25368179;0.801265641;21;4.536996723;1.998402364
Pan.equicostatus;31.75241657;0.801152461;17;4.554800559;2.030451719
Pan.equicostatus;23.47148366;0.766882274;48;4.239949397;2.013203552
Pan.equicostatus;20.37388494;0.754015526;26;4.132476878;1.934859709
Pan.equicostatus;24.99393712;0.778414149;11;4.339715452;2.02398829
Pan.equicostatus;23.77855273;0.757251509;47;4.202397796;2.004027914
Pan.equicostatus;19.97620833;0.741319701;42;4.107942168;1.871606817
Pan.equicostatus;25.25234686;0.766546501;38;4.312365553;1.997484391
Pan.equicostatus;28.25877459;0.780204275;44;4.313841929;2.153298216
Pan.equicostatus;22.43073396;0.760347671;31;4.121755808;1.993927632
Pan.equicostatus;53.86857361;0.801351918;49;4.60389964;2.428495085
Pan.equicostatus;41.19940318;0.775446819;50;4.354807918;2.315393749
Pan.equicostatus;26.10512393;0.757410244;36;4.021313998;2.166970094
Pan.equicostatus;70.12770934;0.829711608;33;4.616553752;2.617732604
Pan.equicostatus;31.5555052;0.781678276;47;4.378458332;2.115840317
Pan.equicostatus;67.32079153;0.808453387;41;4.637370097;2.659752774
Pan.equicostatus;25.82427224;0.737185528;11;4.206200962;1.896176283
Pan.equicostatus;21.5955598;0.754101839;26;4.242317844;1.902738113
Pan.equicostatus;29.73305048;0.745538471;26;4.368325811;2.095964946
Pan.equicostatus;23.41372859;0.755637713;17;4.224258038;1.921445472
Pan.equicostatus;69.67903409;0.811469082;36;4.555620845;2.496981028
Pan.equicostatus;22.83923482;0.772985995;39;4.311502802;1.961556339
Pan.equicostatus;19.00254477;0.726985287;40;3.885809798;1.885316127
Pan.equicostatus;20.23059933;0.750810973;45;4.050801149;1.930072213
Pan.equicostatus;16.82540704;0.705276947;27;3.931313365;1.804201377
Pan.equicostatus;26.30983162;0.780861596;22;4.40363393;1.978704395
Pan.equicostatus;43.84536224;0.819347032;35;4.734963146;2.710572423
Pan.equicostatus;23.56078758;0.775832659;19;4.335460579;1.963377438
Pan.equicostatus;45.05408619;0.813391141;42;4.590753978;2.700006144
Pan.equicostatus;19.42909822;0.731168047;31;4.014710663;1.841990079
Pan.equicostatus;22.9285195;0.734322026;50;3.874891243;1.9714007
Pan.equicostatus;39.76216468;0.809940459;41;4.627258285;2.396884611
Pan.equicostatus;23.74774067;0.770084574;24;4.353905017;1.965782735
Pan.equicostatus;34.92347399;0.783071431;50;4.359289189;2.385414369
Pan.equicostatus;39.50147255;0.793091568;33;4.612976582;2.436598428
Pan.equicostatus;24.47234918;0.773495982;33;4.366392089;1.99845413
Pan.equicostatus;27.75125954;0.775509814;23;4.393421941;2.048523725
Pan.equicostatus;35.64801016;0.781447755;45;4.189320106;2.317277291
Pan.equicostatus;17.72471234;0.731040468;43;4.069966392;1.816231109
Pan.equicostatus;23.52481651;0.749147325;36;4.062102474;2.021730751
W. excavata;75.5122118;0.83818697;23;4.765102513;2.745394648
W. excavata;37.97654985;0.790728059;49;4.435589119;2.576642871
W. excavata;52.60864397;0.821956303;11;4.742730055;2.574838454
W. excavata;70.75856265;0.833074112;20;4.776804774;2.724113532
W. excavata;36.27246002;0.802129654;48;4.549815901;2.475037892
W. excavata;28.83064083;0.742747117;36;3.996674693;2.15342388
W. excavata;23.7239389;0.677313108;49;3.7817314;2.02897664
W. excavata;58.00467695;0.822248664;33;4.719346745;2.692270798
W. excavata;42.70220468;0.813390134;15;4.58485969;2.692060752
W. excavata;45.37794603;0.810661095;21;4.630767022;2.566468073
W. excavata;43.72884632;0.819385539;36;4.704804118;2.671689495
W. excavata;33.43838469;0.783342235;12;4.452593287;2.318638176
W. excavata;47.96302564;0.816188384;17;4.633778252;2.657595563
W. excavata;32.66207823;0.791867539;44;4.447100863;2.382739399
W. excavata;41.49938049;0.81880078;33;4.711056652;2.608055075
W. excavata;67.9307338;0.832649058;25;4.802884391;2.76770413
W. excavata;60.18729622;0.821560212;12;4.736794977;2.701722271
W. excavata;38.92586539;0.801380207;24;4.597210677;2.519413946
W. excavata;23.35676883;0.765084425;50;4.148463027;2.035291428
W. excavata;28.98171334;0.729348323;31;4.018928419;2.255767477
W. excavata;56.99406791;0.820861233;26;4.68564761;2.670591462
W. excavata;24.73866144;0.765334819;37;4.25845317;2.064623587
W. excavata;36.70866099;0.805256658;38;4.562519149;2.508573299
W. excavata;14.42528362;0.447979436;30;2.862507643;1.624412572
W. excavata;35.61174395;0.692887557;25;4.377533557;2.44467854
W. excavata;51.8370917;0.819144912;36;4.696918413;2.652239855
W. excavata;42.70049634;0.81943899;37;4.712568772;2.6381646
W. excavata;32.78947623;0.80150522;29;4.549224655;2.31411223
W. excavata;25.14512621;0.743746665;44;4.087469528;2.130068052
W. excavata;14.5752734;0.472253069;47;3.07183849;1.678805859
W. excavata;43.04985081;0.817236707;38;4.664518589;2.657299837
W. excavata;43.86303731;0.818933549;33;4.695736492;2.672133679
W. excavata;32.9976336;0.800223557;27;4.538894034;2.330849546
W. excavata;65.66183507;0.831327029;39;4.803699912;2.767347842
W. excavata;43.07082186;0.81729357;36;4.667718598;2.658864971
W. excavata;49.00656706;0.820084416;38;4.720945961;2.679779043
W. excavata;51.86707491;0.81726772;41;4.697852616;2.65554588
W. excavata;46.15827301;0.82590865;14;4.804344823;2.774027342
W. excavata;26.75644188;0.789858547;27;4.402957872;2.181167794
W. excavata;55.15232089;0.820733506;24;4.707806516;2.681534067
W. excavata;42.71122494;0.817172626;40;4.674378777;2.685204597
W. excavata;37.48631185;0.807456846;50;4.598026157;2.501631314
W. excavata;28.7305625;0.793529589;38;4.499311223;2.097486071
W. excavata;22.43265807;0.669756753;25;3.589710587;1.883384217
W. excavata;50.82299383;0.812408824;43;4.650530364;2.668379656
W. excavata;44.37354087;0.819806995;49;4.726813914;2.657392039
W. excavata;47.05779003;0.819563999;34;4.700633819;2.69831309
W. excavata;56.67227769;0.826989672;14;4.791667146;2.765883677
W. excavata;50.82770353;0.826339901;17;4.802329359;2.771725732
W. excavata;53.13047659;0.815311347;45;4.68983188;2.662519283
W. excavata;25.85071613;0.69292208;37;3.812104248;2.053353857
W. excavata;9.150037455;0.371770686;45;2.525371253;1.471316015
W. excavata;27.01006877;0.739326201;14;4.128876715;1.849713116
W. excavata;53.34362946;0.822759865;28;4.730181421;2.699552723
W. excavata;51.78697834;0.81843881;40;4.717911368;2.687848104
W. excavata;46.33028378;0.823582231;21;4.772223177;2.71990247
W. excavata;43.12333303;0.819065208;18;4.707699934;2.598563368
W. excavata;41.34258964;0.811974077;20;4.610247854;2.655927513
W. excavata;51.41737778;0.814933741;50;4.683235521;2.650774301
W. excavata;52.83545747;0.819816638;46;4.68942589;2.627829977
W. excavata;43.62238135;0.811014315;29;4.592763976;2.598408666
W. excavata;46.05168755;0.825862042;27;4.803530834;2.773772397
W. excavata;40.17384277;0.816031689;31;4.687229035;2.565722822
W. excavata;43.17864676;0.818421864;27;4.68753541;2.671688852
W. excavata;12.53953307;0.478425911;37;2.903999987;1.581287204
W. excavata;27.87425146;0.779164438;43;4.375579793;2.178842953
W. excavata;45.87340412;0.814847511;23;4.667203407;2.55339188
W. excavata;45.88429552;0.812629297;48;4.695713445;2.647265974
W. excavata;31.71200234;0.752496021;23;3.998689862;2.099152257
W. excavata;40.93810571;0.81678262;35;4.68081165;2.580666681
W. excavata;24.75543335;0.668492318;43;3.919175447;2.074706098
W. excavata;24.22325729;0.67718634;37;3.743575971;2.037001025
W. excavata;42.96569561;0.816158867;45;4.652836515;2.652469313
W. excavata;21.39456167;0.678734054;46;3.557532687;1.943340792
W. excavata;22.57595193;0.658957354;14;3.663541334;1.977710841
W. excavata;39.97709208;0.817556939;19;4.728948588;2.553911668
W. excavata;51.93427755;0.826706293;14;4.805334022;2.774409994
W. excavata;45.99619996;0.818641165;41;4.764837533;2.744637054
W. excavata;23.14053913;0.742802265;48;4.044427865;2.080075146
W. excavata;18.18519427;0.346033213;28;3.175010163;1.837308958
W. excavata;22.08516745;0.698836496;42;3.732994845;1.98869459
W. excavata;14.86375754;0.466289564;48;2.943606892;1.755651157
W. excavata;22.26056528;0.701436352;40;3.741547208;1.955099966
W. excavata;43.98277203;0.818902893;46;4.693683737;2.68165965
W. excavata;54.81347781;0.821732682;12;4.722978535;2.629663665
W. excavata;23.26092847;0.524633475;14;3.373153086;1.923110974
W. excavata;64.85387677;0.830923907;15;4.805492673;2.774516068
W. excavata;20.02332153;0.743785269;40;3.999644028;1.859981345
W. excavata;27.38153085;0.809093896;31;4.743811184;2.090351148
W. excavata;37.79192409;0.766853582;22;4.405295804;2.391852289
W. excavata;40.80490576;0.792385113;14;4.382707978;2.39640784
W. excavata;21.97695718;0.688965105;44;3.832254868;1.966928133
W. excavata;40.28375269;0.810192111;37;4.619346956;2.474297068
W. excavata;40.48268303;0.805615097;16;4.595236952;2.602535918
W. excavata;42.55767153;0.753741894;28;4.603419854;2.647286594
W. excavata;92.08647617;0.898401398;38;4.803541459;2.773676624
W. excavata;50.5047757;0.818626316;25;4.682893515;2.643457192
W. excavata;42.87766778;0.809527219;38;4.563081115;2.633296036
W. excavata;23.80716965;0.763774473;29;4.152714483;2.027004553
W. excavata;31.29508436;0.788919607;46;4.458440364;2.307143669
W. excavata;40.21828345;0.811854351;31;4.61653858;2.617275835
W. excavata;28.2873794;0.727941909;42;4.023749885;2.185022645
W. excavata;33.91834267;0.802498261;42;4.563037669;2.352195589
W. excavata;41.21165004;0.812328346;47;4.596903685;2.579032824
W. excavata;21.51513057;0.620664517;46;3.638004947;1.961216918
W. excavata;51.39675912;0.824048752;48;4.784013994;2.710057195
W. excavata;12.99260148;0.499180893;29;2.958472245;1.600460054
W. excavata;28.01750803;0.695430952;25;4.150269162;2.182907924
W. excavata;62.10711138;0.828306295;48;4.79805188;2.762189181
W. excavata;45.25055092;0.804652962;16;4.754913547;2.746010089
W. excavata;47.87602736;0.82156977;22;4.732378433;2.719413605
W. excavata;25.48806341;0.719982242;39;4.070000846;2.090941853
W. excavata;53.12585341;0.819921808;40;4.699099441;2.660610224
W. excavata;27.37514907;0.7670026;18;4.375058043;2.115405862
W. excavata;47.03982854;0.815421943;50;4.668298571;2.624855706
W. excavata;55.28957706;0.820171912;44;4.711955009;2.688698659
W. excavata;8.145259719;0.259466539;41;2.420135557;1.408022503
W. excavata;17.00828533;0.626154989;50;3.394397613;1.787280212
W. excavata;44.17387774;0.818840971;12;4.702506377;2.580966205
W. excavata;45.71339116;0.787243525;32;4.713044623;2.722200506
W. excavata;44.22273988;0.818647898;41;4.689965843;2.676745233
W. excavata;50.16486266;0.820521871;24;4.791186684;2.766481567
W. excavata;34.60249604;0.812158442;36;4.708759734;2.414704726
W. excavata;33.24691276;0.759303052;23;4.255413129;2.413796508
W. excavata;61.92274123;0.828267805;20;4.790293693;2.768732783
W. excavata;42.35898201;0.815968291;46;4.648683716;2.655158312
W. excavata;65.80938059;0.828557236;13;4.746993585;2.743932138
W. excavata;14.05791346;0.502121501;29;3.034565716;1.627381246
W. excavata;26.43620358;0.768050107;31;4.289943858;2.141271106
W. excavata;53.39432349;0.826987437;11;4.805259144;2.774452857
W. excavata;48.1233378;0.817230361;25;4.712211703;2.665721118
W. excavata;74.76747704;0.838102344;14;4.803966502;2.771984134
W. excavata;44.0400221;0.817075829;24;4.680149885;2.606547119
W. excavata;51.71953212;0.824929769;18;4.774576539;2.753943553
W. excavata;26.72412111;0.798537437;46;4.555784419;2.089667076
W. excavata;7.993996691;0.299232702;47;2.361319527;1.387647767
W. excavata;27.1245513;0.776054774;22;4.270494866;2.025891239
W. excavata;20.5797;0.550091397;38;3.466149728;1.871302451
W. excavata;28.28219257;0.739467658;14;3.930475525;2.041978115
W. excavata;39.1305837;0.808610903;38;4.623028451;2.541002298
W. excavata;26.68123503;0.71308723;33;3.869779267;2.134376772
W. excavata;48.31196406;0.815675575;15;4.713034018;2.713001411
W. excavata;50.59676984;0.825465969;14;4.789584806;2.755702705
W. excavata;42.82564768;0.815918972;31;4.641365517;2.639068442
W. excavata;7.969800569;0.298537318;46;2.35460349;1.385937476
W. excavata;24.91004915;0.683794761;33;3.640599734;2.03282006
W. excavata;41.79468427;0.811772796;37;4.640077877;2.485201531
W. excavata;51.15972447;0.817803217;44;4.692117883;2.644854211
W. excavata;51.61047402;0.819958984;33;4.751357788;2.729730003
W. excavata;40.92551255;0.81615397;45;4.667846073;2.589799282
W. excavata;61.01753083;0.827148927;34;4.794544578;2.762458486
W. excavata;25.6293031;0.764545509;46;4.25161681;2.139876744
W. excavata;52.72162088;0.817530153;17;4.674323249;2.57054674
W. excavata;17.90710849;0.532984274;43;3.345370971;1.812242841
W. excavata;34.32593337;0.770603548;42;4.267738;2.425787014
W. excavata;41.6771691;0.817055907;34;4.672080257;2.627761393
W. excavata;56.52583426;0.827754873;16;4.804388793;2.773725198
W. excavata;20.71408015;0.595017404;26;3.454424698;1.840376621
W. excavata;20.67516977;0.570413192;42;3.479110702;1.885108404
W. excavata;63.28406527;0.82841579;40;4.788899877;2.747903873
W. excavata;36.70662823;0.813890836;21;4.750450862;2.37763015
W. excavata;33.79896965;0.806753994;49;4.627856267;2.237285813
W. excavata;39.94197979;0.811952319;34;4.662918321;2.555875556
W. excavata;26.8160879;0.791297874;22;4.45641704;2.129356309
B. cf. aculeatus;36.38795762;0.787135432;48;3.913863698;1.905724447
B. cf. aculeatus;38.6056245;0.769503005;31;3.82478382;1.98468081
B. cf. aculeatus;73.25958985;0.832650412;11;4.545329788;2.544030378
B. cf. aculeatus;50.20358797;0.778615723;18;3.842308507;2.208739114
B. cf. aculeatus;52.36741961;0.809399901;28;4.307210708;2.213552266
B. cf. aculeatus;33.86266177;0.724656517;33;3.602676387;1.982484071
B. cf. aculeatus;37.92870662;0.797613481;41;4.070221959;1.920729482
B. cf. aculeatus;40.81842071;0.808888694;43;4.159693559;1.972989087
B. cf. aculeatus;38.22994543;0.758800472;34;3.813288842;1.997922703
B. cf. aculeatus;33.61343023;0.769593144;50;3.847469366;1.866727347
B. cf. aculeatus;35.06203577;0.797225491;41;3.996505402;1.865708581
B. cf. aculeatus;33.05141659;0.770398673;50;3.829716232;1.851345721
B. cf. aculeatus;53.54178031;0.846082709;45;4.512494315;2.203458119
B. cf. aculeatus;31.92940412;0.771646584;11;3.735086669;1.850472392
B. cf. aculeatus;64.38033683;0.849265201;19;4.554458915;2.407745545
B. cf. aculeatus;49.68430326;0.809976171;43;4.194442914;2.148906877
B. cf. aculeatus;34.09103623;0.728976226;44;3.613620998;1.980268463
B. cf. aculeatus;31.01710638;0.772661572;25;3.769942872;1.824043503
B. cf. aculeatus;50.34257477;0.773792991;16;4.428862675;2.264685681
B. cf. aculeatus;66.08256711;0.847541945;16;4.298179279;2.508678556
B. cf. aculeatus;53.40910413;0.81655955;41;4.312606972;2.231934161
B. cf. aculeatus;33.78844183;0.779691374;46;3.856812011;1.853429532
B. cf. aculeatus;39.28944995;0.767503966;38;3.790739803;2.001324658
B. cf. aculeatus;34.30279877;0.78105735;49;3.924489937;1.866153437
B. cf. aculeatus;37.04517606;0.793661391;37;3.993981056;1.909050378
B. cf. aculeatus;41.98565177;0.828079484;20;4.288434499;1.975870969
B. cf. aculeatus;52.50906254;0.813483481;43;4.276929468;2.21811707
B. cf. aculeatus;49.48112156;0.805454658;39;4.208203029;2.164271288
B. cf. aculeatus;39.62531092;0.800788412;44;4.074639854;1.958033351
B. cf. aculeatus;44.27140873;0.81479649;40;4.221989479;2.042801579
B. cf. aculeatus;43.77472986;0.834807297;24;4.428628867;2.003893582
B. cf. aculeatus;39.68108373;0.748842553;21;3.415514322;2.078926123
B. cf. aculeatus;48.17483442;0.831672464;47;4.413924591;2.098418196
B. cf. aculeatus;45.64572276;0.812310966;46;4.208613937;2.074530512
B. cf. aculeatus;44.44505258;0.768845563;25;3.89486693;2.177851624
B. cf. aculeatus;57.42602398;0.848465499;37;4.55971769;2.273050251
B. cf. aculeatus;37.53108509;0.782750103;32;4.097807609;1.935792831
B. cf. aculeatus;36.85967258;0.797649069;48;4.026135514;1.903181103
B. cf. aculeatus;45.84269836;0.820442629;36;4.27647098;2.06818414
B. cf. aculeatus;36.38105345;0.755101336;19;3.681789422;2.034022582
B. cf. aculeatus;58.02656309;0.848813315;32;4.568835299;2.280294422
B. cf. aculeatus;56.1499147;0.830097975;43;4.503351408;2.2589927
B. cf. aculeatus;34.8386003;0.784885599;45;3.95543285;1.872646159
B. cf. aculeatus;57.21059495;0.828827554;22;4.358209952;2.280943208
B. cf. aculeatus;39.15489944;0.778649015;40;3.976100747;2.030741393
B. cf. aculeatus;38.11641529;0.734178931;21;3.386698167;2.052093928
B. cf. aculeatus;47.45735005;0.831791572;43;4.404763611;2.083446517
B. cf. aculeatus;33.81715037;0.751601768;46;3.729873105;1.934429651
B. cf. aculeatus;48.80924041;0.799038404;37;4.097963444;2.145086045
B. cf. aculeatus;38.14016347;0.796685921;24;4.017669321;1.922676561
B. cf. aculeatus;65.44887518;0.809557211;14;4.558913257;2.477135179
B. cf. aculeatus;43.99815263;0.769934098;28;3.782125266;2.09331274
B. cf. aculeatus;55.48685492;0.820299772;49;4.364818547;2.268300085
B. cf. aculeatus;43.75329006;0.775619432;45;3.910572819;2.158924399
B. cf. aculeatus;53.52318363;0.853990583;43;4.570922451;2.185625432
B. cf. aculeatus;33.78543834;0.771010501;40;3.878566615;1.875883819
B. cf. aculeatus;35.09477613;0.792166556;50;3.980911829;1.866794153
B. cf. aculeatus;60.28593901;0.858508854;30;4.558526398;2.307364157
B. cf. aculeatus;36.26624414;0.795031268;39;4.004305868;1.890686671
B. cf. aculeatus;34.80265596;0.778324544;44;3.879026404;1.881798959
B. cf. aculeatus;65.92818526;0.818644878;15;4.343554791;2.422545357
B. cf. aculeatus;34.09502212;0.793625011;46;3.984391966;1.85682043
B. cf. aculeatus;53.69789229;0.837546961;30;4.406639003;2.208681969
B. cf. aculeatus;47.72447592;0.809631918;22;4.214030822;2.107313295
B. cf. aculeatus;52.19695578;0.796793036;27;4.227565297;2.21518392
B. cf. aculeatus;55.30264198;0.855984008;41;4.553683648;2.223504975
B. cf. aculeatus;44.17307235;0.807028618;21;4.318639165;2.046895068
B. cf. aculeatus;61.60356344;0.855920253;32;4.569624749;2.342103301
B. cf. aculeatus;50.89738677;0.807474205;41;4.236633507;2.192641164
B. cf. aculeatus;33.04897556;0.780165886;17;3.869584354;1.862714158
B. cf. aculeatus;45.6766429;0.817401313;41;4.262799015;2.069434476
B. cf. aculeatus;59.19247312;0.858196433;34;4.571229778;2.294510514
B. cf. aculeatus;32.20831476;0.760782447;47;3.785230889;1.855787792
B. cf. aculeatus;33.91865176;0.77772747;49;3.895194976;1.862680492
B. cf. aculeatus;33.38195438;0.791016102;32;3.917463604;1.835842893
B. cf. aculeatus;35.53257997;0.769748965;16;3.937110874;1.93377664
B. cf. aculeatus;34.69897483;0.782378785;38;3.930044682;1.862053791
B. cf. aculeatus;38.78159174;0.718055666;15;3.423949459;2.050772674
B. cf. aculeatus;70.57057073;0.854941926;11;4.660533333;2.495159473
B. cf. aculeatus;54.88940893;0.855279723;26;4.557927282;2.214663328
B. cf. aculeatus;38.36427205;0.790084693;44;4.00718468;1.992668785
B. cf. aculeatus;56.09300652;0.846737745;42;4.545748825;2.245341344
B. cf. aculeatus;38.42406476;0.737582192;37;3.647014647;2.033066148
B. cf. aculeatus;34.55200959;0.79209953;34;3.914618087;1.855576539
B. cf. aculeatus;35.76313394;0.689711145;17;3.349467851;2.02196669
B. cf. aculeatus;48.63122945;0.762251989;17;3.790006419;2.209866831
B. cf. aculeatus;40.56806577;0.751624904;29;3.927684128;2.085361274
B. cf. aculeatus;37.68447725;0.767214465;17;3.874287252;2.005478874
B. cf. aculeatus;47.2991903;0.815735347;47;4.273505185;2.105158201
B. cf. aculeatus;64.07563379;0.845733168;21;4.516630334;2.396906861
B. cf. aculeatus;36.72547835;0.71362906;25;3.396262626;2.030240442
B. cf. aculeatus;42.82648046;0.790572197;20;4.044543126;2.094881684
B. cf. aculeatus;33.27329665;0.791483825;40;3.927875567;1.838620226
B. cf. aculeatus;32.12397246;0.702186954;36;3.416340691;1.957936498
B. cf. aculeatus;38.4648858;0.727694342;27;3.500800514;2.049627622
B. cf. aculeatus;33.26310868;0.773733336;50;3.871293951;1.850353427
B. cf. aculeatus;47.00750925;0.823452119;17;4.285239213;2.079048887
B. cf. aculeatus;53.1276405;0.775953633;22;4.042946863;2.315699735
B. cf. aculeatus;38.6056245;0.769503005;31;3.82478382;1.98468081
B. cf. aculeatus;51.68403751;0.826675097;38;4.479818039;2.167127666
B. cf. aculeatus;37.47153715;0.76379884;50;3.833697915;1.964603075
B. cf. aculeatus;39.36823436;0.786005025;34;4.025156846;1.956058963
B. cf. aculeatus;46.0306351;0.803139257;31;4.172787774;2.07974961
B. cf. aculeatus;40.96144368;0.826279481;17;4.254383576;1.95425581
B. cf. aculeatus;37.81002111;0.78719839;43;3.9897048;1.932776281
B. cf. aculeatus;61.35292231;0.825852036;11;4.190877115;2.420056429
B. cf. aculeatus;46.22183627;0.797305694;50;4.06234608;2.095979445
B. cf. aculeatus;34.1789954;0.757597425;17;3.746529732;1.935317664
B. cf. aculeatus;35.30166957;0.79312988;46;3.983684668;1.871070474
B. cf. aculeatus;72.25884141;0.860476123;13;4.603021766;2.52849424
B. cf. aculeatus;46.0499877;0.762680922;34;3.900872224;2.202331683
B. cf. aculeatus;32.74986605;0.770251406;50;3.826566492;1.846351178
B. cf. aculeatus;92.17816571;0.898466374;16;4.805556871;2.774389685
B. cf. aculeatus;36.8956458;0.766025227;47;3.850233044;1.947129245
B. cf. aculeatus;60.34788731;0.811839442;18;4.454646317;2.332871646
B. cf. aculeatus;42.4557541;0.803670335;43;4.115042493;2.015293121
B. cf. aculeatus;31.04053869;0.681755591;19;3.353910605;1.950763117
B. cf. aculeatus;37.71367601;0.763932588;39;3.829408366;1.970101462
B. cf. aculeatus;38.58555901;0.719148295;16;3.381002434;2.05313592
B. cf. aculeatus;36.99451497;0.786113624;27;4.22571436;1.898990925
B. cf. aculeatus;69.53480269;0.855365943;11;4.608417058;2.487435986
B. cf. aculeatus;43.04799684;0.816397925;17;4.229561745;2.003474478
B. cf. aculeatus;52.45295534;0.826389617;44;4.466387673;2.189257959
B. cf. aculeatus;57.17382624;0.846305179;50;4.518246186;2.274232115
B. cf. aculeatus;44.95029356;0.800582772;29;4.147921892;2.055767783
B. cf. aculeatus;49.68436127;0.84510415;41;4.454982449;2.121742617
B. cf. aculeatus;50.13523748;0.805686348;35;4.292199245;2.175813673
B. cf. aculeatus;62.66014763;0.801475651;15;4.521014927;2.441526108
B. cf. aculeatus;37.21738065;0.760890787;42;3.838897676;1.967363462
B. cf. aculeatus;56.16872417;0.848962261;39;4.565594969;2.24360664
B. cf. aculeatus;34.77286083;0.791229576;50;3.972110076;1.862927285
B. cf. aculeatus;42.38890847;0.784820038;26;3.913935238;2.037677666
B. cf. aculeatus;42.89120983;0.800831065;15;4.412906019;2.003227237
B. cf. aculeatus;49.51056527;0.811538996;46;4.307819129;2.158337167
B. cf. aculeatus;56.36200032;0.853375258;44;4.547233615;2.249398965
B. cf. aculeatus;40.39089224;0.757112492;26;3.741726797;2.047169531
B. cf. aculeatus;41.74791179;0.777791119;16;3.937276754;2.116621761
B. cf. aculeatus;45.73352871;0.770469949;22;3.944584887;2.196084879
B. cf. aculeatus;48.33353307;0.825612125;21;4.445858776;2.104193511
B. cf. aculeatus;43.20124475;0.766170411;40;3.851435237;2.158149047
B. cf. aculeatus;43.16346694;0.802314949;37;4.424631997;2.005488574
B. cf. aculeatus;52.90212035;0.824574481;25;4.31961428;2.199605165
B. cf. aculeatus;46.55952114;0.771233784;20;4.146625345;2.122909071
B. cf. aculeatus;32.08100116;0.706003615;12;3.489448585;1.983218301
B. cf. aculeatus;64.07343912;0.850783161;42;4.537491208;2.398824036
B. cf. aculeatus;38.14510079;0.776879033;13;3.9061254;2.006731456
B. cf. aculeatus;31.66840022;0.775608262;24;3.789379631;1.838311097
B. cf. aculeatus;56.68527702;0.836102586;21;4.409336627;2.261272754
B. cf. aculeatus;55.39075838;0.800877133;19;4.216101552;2.329527638
B. cf. aculeatus;34.79378705;0.788477834;40;3.926416589;1.862012427
B. cf. aculeatus;42.42191518;0.759522044;29;3.63471355;2.084803669
B. cf. aculeatus;50.51725042;0.800814843;44;4.139411934;2.175967728
B. cf. aculeatus;44.75534507;0.799143251;32;4.224387095;2.074043853
B. cf. aculeatus;50.22469418;0.818260226;41;4.480690514;2.138255758
B. cf. aculeatus;62.68424319;0.815860888;13;4.298662076;2.392748263
B. cf. aculeatus;53.99498877;0.855050012;41;4.506704634;2.19746582
B. cf. aculeatus;38.92635981;0.790031209;36;4.046738654;1.94481396
B. cf. aculeatus;47.68979506;0.822311945;42;4.316933094;2.105405308
B. cf. aculeatus;38.95004059;0.789188306;26;4.069099713;1.980919736
B. cf. aculeatus;55.85540195;0.832149164;34;4.499374231;2.248748799
B. cf. aculeatus;87.96554326;0.895212215;36;4.706660554;2.738602851
B. cf. aculeatus;39.20611995;0.747246637;40;3.724155461;2.026626975
B. cf. aculeatus;42.86364549;0.801378786;46;4.094031354;2.027051316
B. cf. aculeatus;37.13565212;0.767370917;43;3.893049595;1.997669945
B. cf. aculeatus;33.87483064;0.727396025;42;3.602356078;1.976701452
B. cf. aculeatus;35.08961083;0.774120545;40;3.867414183;1.898034924
B. cf. aculeatus;48.38832931;0.816909668;40;4.420371153;2.112864662
B. cf. aculeatus;54.26434938;0.818605592;49;4.370741585;2.245505893
B. cf. aculeatus;57.91688929;0.851708752;13;4.623048533;2.267500181
B. cf. aculeatus;34.43371302;0.784855557;40;3.967093267;1.870406512
B. cf. aculeatus;36.70958859;0.783623324;36;3.883126106;1.919133894
B. cf. aculeatus;41.53003087;0.774778583;42;3.959698973;2.095558622
B. cf. aculeatus;44.07364926;0.805276798;37;4.140958254;2.041637038
B. cf. aculeatus;39.97026119;0.800125058;21;4.05593839;1.957283475
B. cf. aculeatus;38.11007976;0.79258384;15;4.068562955;1.967720048
B. cf. aculeatus;33.05836216;0.776068505;47;3.836023492;1.842008779
B. cf. aculeatus;42.60700892;0.795224317;37;4.084787029;2.030543036
B. cf. aculeatus;38.47989923;0.780289024;11;4.084589788;1.988379534
B. cf. aculeatus;36.19803016;0.79121543;32;3.951636832;1.886848151
B. cf. aculeatus;42.85291643;0.812388914;43;4.202433335;2.00855033
B. cf. aculeatus;38.41225626;0.754269646;29;3.776958584;2.014100114
B. cf. aculeatus;41.14627978;0.813907894;30;4.154154354;1.973570707
B. cf. aculeatus;35.24299771;0.792174578;44;3.965841443;1.870560648
B. cf. aculeatus;35.41293096;0.748675666;45;3.746558707;1.980827934
B. cf. aculeatus;72.58686869;0.872998765;13;4.69396336;2.497190586
B. cf. aculeatus;35.32099891;0.790829595;19;3.962617193;1.907255741
B. cf. aculeatus;35.23323883;0.793572625;41;3.962271598;1.867704723
B. cf. aculeatus;52.84600159;0.851302397;43;4.547790094;2.174520577
B. cf. aculeatus;71.78966922;0.839104961;13;4.440635981;2.536295622
B. cf. aculeatus;38.87994856;0.65399963;15;3.564420876;2.090061825
B. cf. aculeatus;57.85582886;0.848537827;22;4.544972709;2.277846815
B. cf. aculeatus;40.58190735;0.754917579;13;3.474195633;2.085104496
B. cf. aculeatus;38.42788842;0.748999652;12;4.044499765;1.967749965
B. cf. aculeatus;32.88786344;0.679089675;20;3.338838908;1.983189256
T. gracilis;79.60885917;0.82639551;34;4.654699066;2.691329267
T. gracilis;68.99953019;0.817191344;50;4.410443948;2.524599902
T. gracilis;74.37554619;0.836953185;45;4.500098178;2.598070673
T. gracilis;81.44222912;0.850948843;50;4.647714115;2.682599864
T. gracilis;49.64569721;0.734969506;43;4.290743199;2.53181824
T. gracilis;83.61238987;0.849987737;31;4.66577094;2.691522047
T. gracilis;41.29483753;0.668788538;22;4.309553171;2.522524545
T. gracilis;85.04766594;0.842926618;25;4.686005646;2.713241266
T. gracilis;74.14745127;0.825113826;33;4.531159216;2.596279007
T. gracilis;44.77157949;0.745772717;21;4.390069388;2.583376501
T. gracilis;87.58003734;0.86260128;14;4.717083069;2.730013448
T. gracilis;76.80851386;0.800340902;24;4.49407397;2.598769849
T. gracilis;72.22019343;0.82924805;38;4.468568289;2.573930509
T. gracilis;73.00495013;0.816073274;28;4.551124567;2.558059752
T. gracilis;72.42563864;0.796121863;46;4.468094745;2.594991449
T. gracilis;68.13626664;0.811030678;34;4.51192278;2.625733903
T. gracilis;77.98591342;0.851177285;30;4.574342508;2.623301883
T. gracilis;70.43915207;0.845807992;21;4.585405467;2.491471805
T. gracilis;85.11043216;0.864676267;33;4.675785678;2.706371764
T. gracilis;43.61179509;0.794162933;12;4.695014533;2.687730735
T. gracilis;62.24173809;0.780635172;30;4.528131478;2.639003242
T. gracilis;76.65153819;0.807587972;14;4.632629344;2.675076446
T. gracilis;84.71148974;0.846193627;12;4.756355043;2.730600749
T. gracilis;73.20793827;0.831286679;49;4.471908132;2.590499784
T. gracilis;59.38420143;0.751990393;29;4.406976845;2.577047081
T. gracilis;80.47984786;0.846096289;42;4.613305041;2.6661899
T. gracilis;61.79678116;0.813610803;42;4.724473809;2.738958266
T. gracilis;86.42728175;0.863544038;15;4.77707752;2.758821387
T. gracilis;50.28381108;0.751702638;45;4.206557323;2.46777033
T. gracilis;91.5992561;0.898052669;11;4.792845981;2.769369038
T. gracilis;68.66580713;0.793514106;42;4.593213963;2.65739131
T. gracilis;58.11984993;0.776369979;34;4.408724964;2.599007228
T. gracilis;91.22177227;0.897782655;15;4.784825443;2.766009926
T. gracilis;68.54876435;0.827021291;24;4.467611955;2.509156965
T. gracilis;67.82937815;0.785150649;26;4.365869142;2.576823899
T. gracilis;58.72858962;0.763747889;49;4.361017488;2.553991473
T. gracilis;90.25483572;0.897305815;20;4.776467407;2.75360983
T. gracilis;86.4799869;0.863038661;25;4.693556582;2.713751487
T. gracilis;65.7638433;0.798836813;42;4.436477841;2.594590589
T. gracilis;87.8784278;0.869466987;15;4.710677086;2.720667155
T. gracilis;48.34417194;0.724962229;47;4.137044911;2.433740559
T. gracilis;87.19852156;0.879762903;25;4.733312451;2.735704088
T. gracilis;76.53947581;0.829690828;46;4.583706428;2.653495902
T. gracilis;79.9759891;0.835619421;27;4.687719238;2.700014064
T. gracilis;76.92804053;0.810945806;34;4.639416268;2.689776767
T. gracilis;79.96471492;0.844715829;24;4.61963688;2.665605272
T. gracilis;53.18863436;0.757353363;35;4.278842882;2.499436965
T. gracilis;66.8614721;0.798107353;42;4.456639219;2.602820482
T. gracilis;72.2647845;0.817689754;36;4.491532976;2.554222728
T. gracilis;47.86378912;0.754012309;35;4.55012388;2.651810699
T. gracilis;62.53045954;0.764292755;29;4.291282742;2.518967999
T. gracilis;80.74309468;0.840309697;38;4.610414251;2.667944101
T. gracilis;65.41021536;0.81876817;28;4.741413272;2.745286881
T. gracilis;57.36352468;0.746919779;48;4.326894775;2.541896226
T. gracilis;69.05518231;0.81422525;44;4.728737792;2.7389166
T. gracilis;83.25931022;0.852615161;15;4.751316472;2.748818785
T. gracilis;83.36094589;0.868067753;32;4.681903684;2.699227316
T. gracilis;79.05356433;0.812732015;22;4.682257514;2.68788542
T. gracilis;64.28659355;0.79073274;49;4.365163559;2.539801192
T. gracilis;41.78286011;0.742414489;11;4.558360661;2.643210804
T. gracilis;83.29384025;0.854873007;30;4.697007324;2.709061492
T. gracilis;56.23649149;0.750799608;42;4.316268247;2.526685104
T. gracilis;69.25551471;0.778504771;46;4.459707526;2.561881866
T. gracilis;66.63076783;0.78661746;46;4.443259899;2.591031931
T. gracilis;85.85907174;0.870857689;31;4.697256272;2.712323169
T. gracilis;58.76973944;0.761002375;32;4.389145952;2.550413735
T. gracilis;85.01653836;0.859106332;31;4.695712682;2.709575232
T. gracilis;68.00819644;0.824258326;14;4.711279375;2.726552153
T. gracilis;75.86643134;0.841574852;48;4.548956509;2.621616527
T. gracilis;75.87768133;0.822879367;37;4.577483183;2.656045721
T. gracilis;82.45591918;0.84080053;40;4.724915423;2.714328431
T. gracilis;53.77976033;0.739875381;37;4.146832355;2.437645799
T. gracilis;63.80786975;0.79072777;17;4.477586648;2.595845815
T. gracilis;75.18130614;0.838073696;42;4.555378692;2.621265349
T. gracilis;81.68352495;0.864389062;20;4.617360841;2.663829469
T. gracilis;88.9526666;0.879490858;20;4.741364653;2.743121995
T. gracilis;56.29584901;0.775360777;39;4.373149775;2.569886735
T. gracilis;67.05423439;0.783339635;18;4.560196923;2.639769647
T. gracilis;65.91332276;0.818318307;40;4.736435447;2.742942453
T. gracilis;56.29298266;0.792723402;49;4.650624086;2.701953992
T. gracilis;66.6548102;0.787326907;43;4.440242821;2.606751081
T. gracilis;82.15271595;0.846917621;27;4.679077155;2.701158832
T. gracilis;84.68489391;0.863784552;23;4.678070798;2.699658338
T. gracilis;74.61295401;0.79515031;30;4.493316441;2.596277271
T. gracilis;89.05809488;0.875694265;18;4.729985471;2.735692058
Palmatolepis sp.;91.52409572;0.895442603;31;4.791277315;2.767020396
Palmatolepis sp.;66.59193865;0.844492005;48;4.187931721;2.434691621
Palmatolepis sp.;91.90091049;0.898250761;11;4.798514623;2.772338119
Palmatolepis sp.;38.19901104;0.620015709;14;3.520460018;2.106536937
Palmatolepis sp.;81.16381302;0.864943742;48;4.558197213;2.666701101
Palmatolepis sp.;35.24976502;0.502557998;12;3.363411021;2.033735036
Palmatolepis sp.;83.52058879;0.876219458;32;4.618291265;2.65548556
Palmatolepis sp.;83.46526788;0.83482449;34;4.621081443;2.675061324
Palmatolepis sp.;81.63039123;0.870903886;16;4.585722254;2.619012447
Palmatolepis sp.;77.40079721;0.786153667;21;4.445869002;2.584249159
Palmatolepis sp.;45.55708551;0.796729617;31;3.61891499;1.998122286
Palmatolepis sp.;91.06265514;0.897666933;27;4.781550635;2.764573182
Palmatolepis sp.;84.34962119;0.878367182;17;4.639046449;2.686899284
Palmatolepis sp.;90.96434854;0.891046326;37;4.782286224;2.760954868
Palmatolepis sp.;76.61284035;0.811016757;33;4.577135844;2.59906142
Palmatolepis sp.;69.01809075;0.709635768;49;4.270905192;2.512225361
Palmatolepis sp.;76.98188876;0.771311602;34;4.419815968;2.577515718
Palmatolepis sp.;92.06851139;0.898380616;25;4.802753961;2.773632013
Palmatolepis sp.;92.19423838;0.898474812;15;4.805757577;2.774653981
Palmatolepis sp.;91.98572352;0.898325211;21;4.801102232;2.772865202
Palmatolepis sp.;86.38082035;0.875002683;37;4.733594176;2.708840174
Palmatolepis sp.;91.6935243;0.894805554;23;4.793927698;2.768072106
Palmatolepis sp.;88.35715809;0.880188401;22;4.721283807;2.729063521
Palmatolepis sp.;45.93582057;0.803264132;22;3.639424987;2.00287886
Palmatolepis sp.;54.6321759;0.632905567;48;3.896103695;2.332530724
Palmatolepis sp.;62.43358567;0.667000942;42;4.107516047;2.428798762
Palmatolepis sp.;79.5152821;0.867576605;45;4.507341759;2.651089387
Palmatolepis sp.;65.26391554;0.810245373;39;4.154944236;2.475359275
Palmatolepis sp.;70.73064648;0.842853146;37;4.286508133;2.547970445
Palmatolepis sp.;92.04848034;0.898383558;14;4.803200589;2.773202149
Palmatolepis sp.;92.12759149;0.898425898;11;4.804203148;2.774101847
Palmatolepis sp.;74.10959138;0.789787453;28;4.471544837;2.549949334
Palmatolepis sp.;91.96960135;0.898317564;18;4.800936141;2.772671419
Palmatolepis sp.;51.26562447;0.815964589;48;3.771805312;2.192781296
Palmatolepis sp.;84.98419948;0.849781745;50;4.664935481;2.693280676
Palmatolepis sp.;56.90229614;0.643778716;46;3.929647527;2.347397082
Palmatolepis sp.;63.5270793;0.847579632;21;4.094633818;2.406985958
Palmatolepis sp.;91.67472439;0.898156797;20;4.79707374;2.769342531
Palmatolepis sp.;47.78502467;0.81810115;48;3.703656696;2.093437295
Palmatolepis sp.;91.26594312;0.897999931;22;4.801851879;2.761424337
Palmatolepis sp.;31.51490524;0.646906533;31;3.478561454;2.100953143
Palmatolepis sp.;89.35251115;0.888925328;28;4.749951678;2.746854986
Palmatolepis sp.;51.85806594;0.669883216;16;3.689630922;2.224828365
Palmatolepis sp.;79.71734371;0.868748354;45;4.521235426;2.647297787
Palmatolepis sp.;45.57203553;0.60571291;38;3.700103355;2.224942783
Palmatolepis sp.;87.27981013;0.862206045;44;4.698896043;2.716823586
Palmatolepis sp.;89.37661296;0.89703934;16;4.794117816;2.734178579
Palmatolepis sp.;90.21662369;0.889641524;16;4.780431455;2.755027107
Palmatolepis sp.;92.07944697;0.898398725;16;4.803511917;2.773578072
Palmatolepis sp.;50.72589513;0.631135547;50;3.84331585;2.296427107
Palmatolepis sp.;65.77076693;0.843213796;29;4.210261952;2.369954075
Palmatolepis sp.;52.85523613;0.807396029;17;3.797711885;2.209781918
Palmatolepis sp.;63.92339575;0.843458075;14;4.18406131;2.334022578
Palmatolepis sp.;86.30547966;0.856609801;35;4.685145706;2.717935564
Palmatolepis sp.;56.01924136;0.801904056;28;3.900365879;2.21170398
Palmatolepis sp.;65.30864828;0.67658187;30;4.152385288;2.434713001
Palmatolepis sp.;25.15041253;0.540291694;34;3.071434253;1.907200797
Palmatolepis sp.;72.52952812;0.850971964;47;4.333926355;2.530128973
Palmatolepis sp.;86.53599788;0.872086389;48;4.721929621;2.71103752
Palmatolepis sp.;91.76495292;0.898188853;16;4.797366184;2.77062048
Palmatolepis sp.;91.86994469;0.898264675;14;4.799693799;2.771529605
Palmatolepis sp.;85.3507344;0.877116538;41;4.679785814;2.704918816
Palmatolepis sp.;14.56731604;0.520507706;26;2.617621055;1.679309713
Palmatolepis sp.;73.5643661;0.857896254;50;4.342492611;2.58539694
Palmatolepis sp.;42.54661689;0.51081229;16;3.539988577;2.135320677
Palmatolepis sp.;65.87936736;0.844037289;48;4.168156161;2.426904636
Palmatolepis sp.;25.22686327;0.634509838;11;3.33521195;1.855745616
Palmatolepis sp.;92.1911755;0.898472866;16;4.805703668;2.774623023
Palmatolepis sp.;65.24747575;0.699691051;19;4.184626039;2.454615469
Palmatolepis sp.;90.24433602;0.890581431;41;4.78451181;2.754933036
Palmatolepis sp.;91.62284515;0.89394506;21;4.791724886;2.767048168
Palmatolepis sp.;82.93727814;0.824718367;25;4.637659338;2.687829675
Palmatolepis sp.;82.45897009;0.827532772;17;4.619445005;2.667911183
Palmatolepis sp.;64.10715972;0.842486533;48;4.124020038;2.403419505
Palmatolepis sp.;91.42804237;0.897929025;20;4.789194788;2.767896847
Palmatolepis sp.;33.60123405;0.568060113;50;3.379835289;2.049041066
Palmatolepis sp.;89.63209553;0.887024627;21;4.781029447;2.747700864
Palmatolepis sp.;45.62870301;0.61949654;50;3.714526804;2.226654172
Palmatolepis sp.;91.73854284;0.898127044;12;4.794584022;2.771029226
Palmatolepis sp.;91.50663936;0.891420013;17;4.788037774;2.76469821
Palmatolepis sp.;82.64424383;0.873897977;42;4.599382113;2.641904768
Palmatolepis sp.;91.88091452;0.898234509;16;4.798027462;2.772176414
Palmatolepis sp.;84.48481629;0.840290879;44;4.639930929;2.684901316
Palmatolepis sp.;49.56452963;0.796229387;22;3.733129927;2.102569375
Palmatolepis sp.;76.02653953;0.866665128;35;4.416297284;2.584678245
Palmatolepis sp.;88.44749525;0.879548156;21;4.775642461;2.732375173
Palmatolepis sp.;46.24245711;0.596309932;37;3.721852697;2.226872273
Palmatolepis sp.;91.79961762;0.898173714;14;4.796051668;2.771525411
Palmatolepis sp.;86.44626507;0.895809457;16;4.783802679;2.690846752
Palmatolepis sp.;81.28251275;0.865110944;49;4.553830091;2.639825232
Palmatolepis sp.;57.47691562;0.680821763;21;4.052912769;2.385698972
Palmatolepis sp.;55.20305632;0.581921635;17;3.865100391;2.257766982
Palmatolepis sp.;60.35446405;0.834662589;39;4.030614314;2.331994498
Palmatolepis sp.;90.91234551;0.897584028;13;4.782806313;2.761752288
Palmatolepis sp.;89.39423032;0.883137034;43;4.741132315;2.741686552
Palmatolepis sp.;55.21631615;0.829185469;32;3.903344286;2.23394986
Palmatolepis sp.;78.94158199;0.792664768;44;4.486666092;2.610999021
Palmatolepis sp.;86.00465014;0.881845583;34;4.677450911;2.687071585
Palmatolepis sp.;23.15914048;0.603947082;24;3.086486818;1.908327875
Palmatolepis sp.;82.92960162;0.841061265;42;4.663684906;2.680273295
Palmatolepis sp.;85.18428892;0.880140021;38;4.656997928;2.677748212
Palmatolepis sp.;47.01522639;0.661324281;27;3.741978411;2.264866945
Palmatolepis sp.;54.41089508;0.801553517;31;3.894139614;2.174836035
Palmatolepis sp.;65.98671748;0.74670229;38;4.297254104;2.520702958
Palmatolepis sp.;75.40098117;0.762795347;43;4.3911218;2.565172186
Palmatolepis sp.;87.54400236;0.868718439;49;4.722555509;2.723125607
Palmatolepis sp.;80.25863426;0.82931589;47;4.603616575;2.633012921
Palmatolepis sp.;24.16435269;0.616334381;27;3.194211911;1.972453458
Palmatolepis sp.;67.45564397;0.825480004;49;4.188856468;2.503981951
Palmatolepis sp.;84.89033193;0.872573945;19;4.698262304;2.695215749
Palmatolepis sp.;18.0650264;0.498641371;46;2.743833524;1.746480545
Palmatolepis sp.;72.30451174;0.749814982;20;4.399043074;2.563376727
Palmatolepis sp.;81.03733764;0.835034087;47;4.6199425;2.643951177
Palmatolepis sp.;89.73774124;0.881921853;27;4.747848183;2.743422832
Palmatolepis sp.;89.33406979;0.89690816;17;4.793496693;2.733259192
Palmatolepis sp.;32.45991153;0.626769751;43;3.444296242;2.089352942
Palmatolepis sp.;82.47451075;0.873667637;45;4.595820674;2.677937569
Palmatolepis sp.;92.17667695;0.898466252;13;4.805573434;2.774443078
Palmatolepis sp.;20.43153733;0.587737762;28;3.009583623;1.87752752
Palmatolepis sp.;86.39893027;0.865997843;49;4.706413927;2.707616422
Palmatolepis sp.;52.01219108;0.813646589;32;3.792124525;2.19527923
Palmatolepis sp.;81.04601291;0.836488713;38;4.624628257;2.646090345
Palmatolepis sp.;88.9129023;0.896830398;15;4.792412072;2.727246402
Palmatolepis sp.;47.73580585;0.820955119;41;3.712209702;2.092398865
Palmatolepis sp.;85.70022707;0.86418243;50;4.696967708;2.699247117
Palmatolepis sp.;50.25227217;0.818040888;49;3.747722997;2.16721686
Palmatolepis sp.;45.74679834;0.593711023;30;3.65167344;2.21506858
Palmatolepis sp.;91.34409157;0.893901245;26;4.797267618;2.771590525
Palmatolepis sp.;66.29961011;0.690999525;41;4.207430893;2.469867122
Palmatolepis sp.;91.82769553;0.898189441;13;4.79647483;2.77182414
Palmatolepis sp.;92.11523456;0.898422731;12;4.804222403;2.773910857
Palmatolepis sp.;78.729884;0.794118232;20;4.482213072;2.607071443
Palmatolepis sp.;73.42463155;0.850402903;38;4.372539882;2.574282508
Palmatolepis sp.;90.86239488;0.892589945;17;4.786659033;2.765716783
Palmatolepis sp.;67.08702529;0.846113611;46;4.195738222;2.449462103
Palmatolepis sp.;91.62043143;0.898095822;38;4.794808643;2.769175639
Palmatolepis sp.;77.55964383;0.862794001;34;4.493044867;2.558773023
Palmatolepis sp.;78.76820885;0.867131473;46;4.511811054;2.637235529
Palmatolepis sp.;47.24112903;0.820897507;23;3.737266908;2.038868815
Palmatolepis sp.;92.08633631;0.898390803;18;4.803016377;2.773824259
Palmatolepis sp.;62.3917435;0.837431012;32;4.057374509;2.403864128
Palmatolepis sp.;15.92330165;0.541955591;41;2.716793753;1.745224778
Palmatolepis sp.;91.15515824;0.897731356;37;4.783413347;2.765430481
Palmatolepis sp.;65.21616193;0.844765866;33;4.125732681;2.450329223
Palmatolepis sp.;59.92770699;0.660625209;40;4.066516532;2.396984639
Palmatolepis sp.;77.17615797;0.832818765;40;4.512046074;2.606774491
Palmatolepis sp.;91.90011829;0.898252214;23;4.798594703;2.772303308
Palmatolepis sp.;54.35701517;0.666693452;49;3.908281458;2.344045564
Palmatolepis sp.;84.01021422;0.830045884;27;4.588523286;2.671962749
Palmatolepis sp.;59.08754129;0.807391493;12;3.969318716;2.293045521
Palmatolepis sp.;90.10329145;0.885586557;34;4.783933344;2.761897502
Palmatolepis sp.;39.34080448;0.594940714;45;3.553032916;2.135322655
Palmatolepis sp.;86.14321288;0.874921418;45;4.714306452;2.717014465
Palmatolepis sp.;91.96249397;0.898320722;14;4.801207946;2.772485381
Palmatolepis sp.;68.56903693;0.841343619;47;4.243650871;2.464708226
Palmatolepis sp.;90.74712234;0.893709573;29;4.77683795;2.758780134
Palmatolepis sp.;81.44840252;0.87081287;41;4.574559624;2.622358086
Palmatolepis sp.;70.65505785;0.728013505;50;4.330947088;2.53764965
Palmatolepis sp.;57.52745229;0.831648432;41;3.942400062;2.310219902
Palmatolepis sp.;91.94124158;0.89828923;11;4.799887659;2.772548335
Palmatolepis sp.;90.28551613;0.887383319;23;4.766354782;2.75660561
Palmatolepis sp.;88.66958339;0.872428996;35;4.730947653;2.735105818
Palmatolepis sp.;46.16516142;0.785532372;27;3.638433655;2.013271497
Palmatolepis sp.;90.40242508;0.889187998;28;4.767695154;2.758059609
Palmatolepis sp.;46.42784693;0.812592467;43;3.651699284;2.075559882
Palmatolepis sp.;92.1276438;0.898429233;22;4.804379467;2.77405164
Palmatolepis sp.;47.3527629;0.827113314;16;3.759640449;2.031437193
Palmatolepis sp.;90.57789784;0.891712536;22;4.787483604;2.765248591
Palmatolepis sp.;79.07391758;0.865842376;50;4.501751836;2.641872618
Palmatolepis sp.;82.03096884;0.826619442;19;4.617501816;2.662290053
Palmatolepis sp.;49.58842199;0.806587102;14;3.725521414;2.08105815
Palmatolepis sp.;85.57543698;0.855221735;46;4.672127143;2.697340217
Palmatolepis sp.;81.5137674;0.843540441;12;4.702784491;2.673738163
Palmatolepis sp.;68.25277645;0.802914305;24;4.202972345;2.44087429
Palmatolepis sp.;43.2857866;0.626479858;30;3.613620347;2.192588456
Palmatolepis sp.;90.40436387;0.886427534;32;4.762180339;2.7520538
Palmatolepis sp.;32.1375253;0.60600919;31;3.349690005;2.042337733
Palmatolepis sp.;43.49413541;0.815653092;43;3.581335739;1.989494564
Palmatolepis sp.;87.78232184;0.873273673;11;4.775243231;2.757707226
Palmatolepis sp.;91.62645947;0.898116389;27;4.79575366;2.768994308
Palmatolepis sp.;40.41058521;0.43839589;17;3.272987566;1.977068399
Palmatolepis sp.;83.27112137;0.874728698;40;4.617017787;2.647331362
