Taxa;T-index;M-index;Area;pfT-index (C);pfT-index (A);Color
Pro.muelleri;10.55092952;0.591230065;21;35.82902832;9.029015008;#a36b2b
Pro.muelleri;11.54475706;0.600393353;12;37.99782675;9.204484195;#a36b2b
Pro.muelleri;21.4312201;0.67718027;17;55.32190577;12.63532889;#a36b2b
Pro.muelleri;15.98821851;0.592489065;31;38.98055044;12.4345418;#a36b2b
Pro.muelleri;23.41127857;0.719823366;47;56.12890179;14.74250637;#a36b2b
Pro.muelleri;14.79618963;0.573430931;15;39.52178182;11.14325031;#a36b2b
Pro.muelleri;11.90099473;0.579447666;11;33.08501224;10.35777222;#a36b2b
Pro.muelleri;10.60793923;0.535279812;46;32.40255169;8.759655702;#a36b2b
Pro.muelleri;12.39330316;0.575764281;48;34.82642806;10.17749796;#a36b2b
Pro.muelleri;7.676799892;0.459978434;47;25.94660307;7.446530924;#a36b2b
Pro.muelleri;19.41839807;0.607012515;35;50.59650446;12.22434414;#a36b2b
Pro.muelleri;7.859338772;0.4471835;20;26.1725739;7.433305821;#a36b2b
Pro.muelleri;3.647801939;0.175580234;47;11.97428137;5.067588456;#a36b2b
Pro.muelleri;17.07985383;0.614832323;29;50.77760309;11.75463541;#a36b2b
Pro.muelleri;5.027191615;0.356738407;45;16.0367841;6.261302834;#a36b2b
Pro.muelleri;10.9735712;0.578626823;29;33.41135894;9.470213745;#a36b2b
Pro.muelleri;11.56738;0.577382667;29;37.31088522;9.518934877;#a36b2b
Pro.muelleri;11.27139334;0.576586978;17;34.12159961;9.087654781;#a36b2b
Pro.muelleri;10.88890446;0.561362429;45;32.52645194;9.530362335;#a36b2b
Pro.muelleri;12.21763839;0.62652468;49;37.2773404;9.700936047;#a36b2b
Pro.muelleri;10.28795727;0.598798617;26;31.75064056;8.918546348;#a36b2b
Pro.muelleri;10.33070966;0.533800951;13;32.16697871;8.810182405;#a36b2b
Pro.muelleri;11.5445338;0.611601265;42;35.20045264;9.3625077;#a36b2b
Pro.muelleri;48.49494098;0.821664621;26;79.78166614;25.54743149;#a36b2b
Pro.muelleri;11.40580632;0.666589731;22;36.99935355;9.578587453;#a36b2b
Pro.muelleri;5.073780585;0.35436609;47;16.40751941;6.229580693;#a36b2b
Pro.muelleri;14.25855778;0.652648914;38;49.32900624;10.45843718;#a36b2b
Pro.muelleri;9.146283106;0.523752293;48;31.13433617;8.179758335;#a36b2b
Pro.muelleri;4.883422445;0.171495656;14;10.73968819;5.763745751;#a36b2b
Pro.muelleri;22.30747989;0.717464385;14;56.41017515;15.32687322;#a36b2b
Pro.muelleri;10.91212842;0.544280729;20;34.59443613;8.817518279;#a36b2b
Pro.muelleri;21.38142074;0.651490642;12;43.38311275;13.12863672;#a36b2b
Pro.muelleri;10.3328025;0.523725856;39;31.20256671;8.598570359;#a36b2b
Pro.muelleri;6.963338258;0.453906126;44;23.51092151;7.150757607;#a36b2b
Pro.muelleri;7.521547295;0.440821733;28;25.12334871;7.280473436;#a36b2b
Pro.muelleri;7.265638444;0.472907776;36;24.33172383;7.306360147;#a36b2b
Pro.muelleri;8.185875684;0.284912008;18;19.12067815;7.586950069;#a36b2b
Pro.muelleri;13.65551382;0.597178173;26;40.15360743;10.2943831;#a36b2b
Pro.muelleri;9.769541697;0.524524107;34;31.82937079;8.465113983;#a36b2b
Pro.muelleri;10.6734551;0.637357787;50;33.89880502;9.325540092;#a36b2b
Pro.muelleri;8.707160648;0.58358761;28;28.22600701;8.317026219;#a36b2b
Pro.muelleri;12.63792663;0.638242255;27;38.56380137;10.25693158;#a36b2b
Pro.muelleri;13.77176454;0.605599064;21;40.16566382;10.51148555;#a36b2b
Pro.muelleri;5.464101963;0.249796705;39;17.79058197;5.970820066;#a36b2b
Pro.muelleri;9.953823578;0.551618058;33;33.85126157;8.52909537;#a36b2b
Pro.muelleri;14.32979069;0.38857707;12;36.06608628;10.46699642;#a36b2b
Pro.muelleri;4.744590662;0.202127987;47;13.44823004;5.642134735;#a36b2b
Pro.muelleri;11.64595631;0.590099981;24;34.9117567;9.423627824;#a36b2b
Pro.muelleri;19.65557467;0.629136989;39;47.20670654;12.38891654;#a36b2b
Pro.muelleri;10.48773798;0.55875934;47;32.95360373;9.163985003;#a36b2b
Pro.muelleri;11.83854257;0.633186753;41;39.92223338;9.662268447;#a36b2b
Pro.muelleri;22.73869533;0.719167593;34;55.31008391;14.5646635;#a36b2b
Pro.muelleri;14.22760008;0.606700717;49;42.06792938;10.36589979;#a36b2b
Pro.muelleri;10.18599695;0.544470779;38;32.35974882;8.813277239;#a36b2b
Pro.muelleri;12.34499627;0.584351308;14;35.52117077;10.48446226;#a36b2b
Pro.muelleri;15.063414;0.620251995;17;45.86143331;11.12253393;#a36b2b
Pro.muelleri;8.81533614;0.570772199;42;28.95243941;8.29286769;#a36b2b
Pro.muelleri;6.533028155;0.261649856;29;16.40325849;6.780975636;#a36b2b
Pro.muelleri;4.222511123;0.228149661;49;12.64357094;5.581409448;#a36b2b
Pro.muelleri;21.37419393;0.424580205;26;33.96863606;12.79542478;#a36b2b
Pro.muelleri;8.966920633;0.518442105;40;30.36267444;8.088614799;#a36b2b
Pro.muelleri;9.71273339;0.550394924;42;33.50103841;8.492714915;#a36b2b
Pro.muelleri;20.92391252;0.703364612;26;54.64870558;12.91206909;#a36b2b
Pro.muelleri;9.935825945;0.561101128;41;34.16506597;8.61339984;#a36b2b
Pro.muelleri;10.36332095;0.563400372;16;33.01785304;9.15852263;#a36b2b
Pro.muelleri;11.06576557;0.531297873;38;34.52628473;8.997728643;#a36b2b
Pro.muelleri;10.17731268;0.536970541;30;32.72998381;8.513158284;#a36b2b
Pro.muelleri;3.735602271;0.150474235;41;10.79349413;4.968109072;#a36b2b
Pro.muelleri;10.58946068;0.556533333;31;33.71712371;9.139310811;#a36b2b
Pro.muelleri;15.45130544;0.645511995;22;50.13006196;11.22677378;#a36b2b
Pro.muelleri;15.16448501;0.620188982;47;48.77156586;11.01503614;#a36b2b
Pro.muelleri;15.90674223;0.669664294;47;47.29332039;10.9098184;#a36b2b
Pro.muelleri;7.840578883;0.553834101;48;25.9299807;7.885539773;#a36b2b
Pro.muelleri;17.93633298;0.592843411;16;47.90648628;11.84632895;#a36b2b
Pro.muelleri;11.51541807;0.551345782;48;34.56404194;9.248826113;#a36b2b
Pro.muelleri;26.27113387;0.720475619;45;57.31558007;16.09340424;#a36b2b
Pro.muelleri;4.783689114;0.333167056;48;15.4744833;6.054144913;#a36b2b
Pro.muelleri;14.47270914;0.666479448;36;49.42077205;10.62708451;#a36b2b
Pro.muelleri;11.69698551;0.577432245;45;36.05961814;9.592354015;#a36b2b
Pro.muelleri;10.18417801;0.524751975;27;30.77505219;8.485394964;#a36b2b
Pro.muelleri;17.60793053;0.624760785;16;49.92500256;12.43674651;#a36b2b
Pro.muelleri;11.99054349;0.595086049;16;36.88669083;9.061878685;#a36b2b
Pro.muelleri;16.82040778;0.510203663;48;44.25346089;11.22519363;#a36b2b
Pro.muelleri;9.585536711;0.529471814;43;31.49755915;8.374574063;#a36b2b
Pro.muelleri;15.91068474;0.637338406;18;48.48143578;11.68696368;#a36b2b
Pro.muelleri;12.81872644;0.455002884;35;29.15600027;9.11232076;#a36b2b
Pan.equicostatus;22.530815;0.761663023;40;66.49196913;13.63202555;#bf9e66
Pan.equicostatus;40.39705784;0.818708017;29;80.3880169;23.57476296;#bf9e66
Pan.equicostatus;23.03971308;0.757872259;28;58.59138232;14.80420257;#bf9e66
Pan.equicostatus;31.38377647;0.773591845;12;68.85748181;19.57138095;#bf9e66
Pan.equicostatus;27.2220125;0.784263325;39;71.70923002;15.62565241;#bf9e66
Pan.equicostatus;20.94485351;0.731464821;46;53.96267909;13.81978484;#bf9e66
Pan.equicostatus;27.35448852;0.758972042;49;63.50651483;16.28076861;#bf9e66
Pan.equicostatus;67.44222943;0.827702422;30;78.73240226;25.16881165;#bf9e66
Pan.equicostatus;49.09126072;0.807383782;11;79.51064852;26.41331742;#bf9e66
Pan.equicostatus;34.82937829;0.752139963;11;66.69886664;19.42928066;#bf9e66
Pan.equicostatus;51.35705919;0.801854319;14;79.04016791;23.3177657;#bf9e66
Pan.equicostatus;27.70535444;0.775806093;11;64.8415333;17.38361715;#bf9e66
Pan.equicostatus;23.32389984;0.769900487;48;64.35340423;14.36970143;#bf9e66
Pan.equicostatus;23.39273602;0.790570763;25;70.41235743;13.72436623;#bf9e66
Pan.equicostatus;23.57379127;0.747572818;40;58.05803338;14.92940079;#bf9e66
Pan.equicostatus;40.3819561;0.772584964;26;64.29909688;21.30442014;#bf9e66
Pan.equicostatus;22.15508918;0.76248381;31;64.96128706;13.91558024;#bf9e66
Pan.equicostatus;23.22593308;0.79001645;32;69.93811647;13.93748618;#bf9e66
Pan.equicostatus;18.44191314;0.705548343;32;62.46682961;11.8783699;#bf9e66
Pan.equicostatus;23.35842794;0.770330652;44;67.67490112;13.99372199;#bf9e66
Pan.equicostatus;17.80787996;0.742260657;27;60.19829696;11.89178804;#bf9e66
Pan.equicostatus;17.41192494;0.723054051;29;58.88189047;11.65945177;#bf9e66
Pan.equicostatus;36.05665647;0.758591087;14;69.53743853;22.0271414;#bf9e66
Pan.equicostatus;30.28742684;0.776685842;46;68.4928889;16.71321883;#bf9e66
Pan.equicostatus;38.8552457;0.765392847;23;67.96266872;18.99319561;#bf9e66
Pan.equicostatus;17.22266563;0.729556043;24;55.95669717;11.68492245;#bf9e66
Pan.equicostatus;23.93122993;0.764694582;15;67.35327101;13.66392579;#bf9e66
Pan.equicostatus;52.52025433;0.826722415;34;81.80791474;27.26090163;#bf9e66
Pan.equicostatus;18.61003889;0.70402595;22;62.94483506;11.94534539;#bf9e66
Pan.equicostatus;35.88533039;0.80578823;12;75.34914749;18.75005989;#bf9e66
Pan.equicostatus;21.2299127;0.73371751;18;61.53937935;13.10498123;#bf9e66
Pan.equicostatus;19.60288888;0.743018884;41;59.04185011;12.80089336;#bf9e66
Pan.equicostatus;21.17097973;0.735808081;44;53.92170501;14.63471167;#bf9e66
Pan.equicostatus;39.6698786;0.788122457;15;68.8923619;24.20405043;#bf9e66
Pan.equicostatus;24.72280392;0.752341185;35;59.80510381;15.43734223;#bf9e66
Pan.equicostatus;44.02021346;0.773590204;28;66.09654416;20.66935637;#bf9e66
Pan.equicostatus;23.73680451;0.787154809;40;69.8680613;14.0148518;#bf9e66
Pan.equicostatus;20.47649883;0.745537214;42;62.43227515;12.90546104;#bf9e66
Pan.equicostatus;17.79148919;0.728077167;25;51.4780578;12.25696302;#bf9e66
Pan.equicostatus;36.04606827;0.763288243;17;64.02503721;21.24823248;#bf9e66
Pan.equicostatus;21.55802366;0.762785528;47;62.94474202;14.07783189;#bf9e66
Pan.equicostatus;26.75487853;0.774293707;35;66.97530186;16.19123893;#bf9e66
Pan.equicostatus;42.5937177;0.809929636;45;72.55330921;25.63961632;#bf9e66
Pan.equicostatus;28.99288536;0.769930181;27;61.6708814;17.97726538;#bf9e66
Pan.equicostatus;23.12869876;0.771662912;38;66.43363804;14.1015731;#bf9e66
Pan.equicostatus;35.49958815;0.790822109;30;74.98019588;18.42397769;#bf9e66
Pan.equicostatus;19.11711233;0.744842934;26;60.81263638;12.79925674;#bf9e66
Pan.equicostatus;24.87966655;0.768975148;43;65.32345213;14.69956701;#bf9e66
Pan.equicostatus;17.95938931;0.716736153;34;61.134938;11.86609054;#bf9e66
Pan.equicostatus;46.65756082;0.793291769;25;69.7172382;21.49215791;#bf9e66
Pan.equicostatus;20.44752341;0.733694443;36;61.01115593;13.33234939;#bf9e66
Pan.equicostatus;18.64881444;0.72749417;37;57.89432011;12.32880566;#bf9e66
Pan.equicostatus;29.24048425;0.744590297;47;71.05452018;17.58917576;#bf9e66
Pan.equicostatus;16.96457794;0.717210099;48;52.44941858;11.89718658;#bf9e66
Pan.equicostatus;40.2601604;0.763935393;43;69.44759651;21.59741238;#bf9e66
Pan.equicostatus;22.29782121;0.772070217;33;70.16341056;13.46030276;#bf9e66
Pan.equicostatus;22.1897215;0.763089669;49;63.13470356;14.07435862;#bf9e66
Pan.equicostatus;16.71953931;0.733536905;21;56.82534555;11.53531375;#bf9e66
Pan.equicostatus;36.33325756;0.779382128;33;70.60869891;19.31281925;#bf9e66
Pan.equicostatus;20.9494846;0.76419912;35;65.93177632;13.21034317;#bf9e66
Pan.equicostatus;23.3734078;0.755496385;33;67.12595971;14.65178695;#bf9e66
Pan.equicostatus;24.14348846;0.764068652;48;62.50295776;14.57047924;#bf9e66
Pan.equicostatus;41.10476924;0.810525275;13;79.13482777;23.8800517;#bf9e66
Pan.equicostatus;26.13960714;0.770563626;47;68.01949435;14.94029194;#bf9e66
Pan.equicostatus;37.09811107;0.789048588;11;71.94004397;22.34005229;#bf9e66
Pan.equicostatus;22.77780126;0.711793077;24;61.69030428;13.15720892;#bf9e66
Pan.equicostatus;38.20493229;0.77995841;11;70.08037177;22.9121429;#bf9e66
Pan.equicostatus;39.35639471;0.769551914;23;69.58504753;20.4366024;#bf9e66
Pan.equicostatus;23.55828478;0.767040271;19;67.86228874;14.18457659;#bf9e66
Pan.equicostatus;25.35680643;0.768727501;40;68.0647654;14.9846866;#bf9e66
Pan.equicostatus;20.09751619;0.751166534;33;61.62280214;13.39622633;#bf9e66
Pan.equicostatus;26.64366095;0.804169574;20;75.61018172;16.05521014;#bf9e66
Pan.equicostatus;22.15200481;0.764554564;26;66.82633562;13.43478694;#bf9e66
Pan.equicostatus;19.07168701;0.745290418;41;60.79824517;12.39787871;#bf9e66
Pan.equicostatus;22.78046915;0.769503587;48;64.21100174;14.38466113;#bf9e66
Pan.equicostatus;24.99103714;0.758412307;24;64.70513283;16.02038473;#bf9e66
Pan.equicostatus;92.11824302;0.898427988;31;81.87534362;27.25276847;#bf9e66
Pan.equicostatus;26.6785524;0.786563801;19;68.07935399;16.57462711;#bf9e66
Pan.equicostatus;21.70587329;0.690038852;45;60.31841622;12.87676532;#bf9e66
Pan.equicostatus;25.14413412;0.757190054;44;61.10638686;16.06977284;#bf9e66
Pan.equicostatus;28.74773334;0.636160589;48;55.20061385;16.82385335;#bf9e66
Pan.equicostatus;20.90289546;0.742939367;38;63.49426369;12.91210067;#bf9e66
Pan.equicostatus;19.95170992;0.74794117;33;61.72488392;13.08728319;#bf9e66
Pan.equicostatus;40.84246543;0.809452893;37;73.50349526;25.06798709;#bf9e66
Pan.equicostatus;21.02237584;0.749839222;23;66.81999586;13.2530467;#bf9e66
Pan.equicostatus;18.47898008;0.748134941;47;61.57443735;12.14493539;#bf9e66
Pan.equicostatus;25.48356408;0.791130053;23;68.32328029;14.91689887;#bf9e66
Pan.equicostatus;21.40101472;0.770480861;28;66.72828315;13.46658805;#bf9e66
W. excavata;35.21394504;0.788608573;45;73.97228421;19.89964969;#2686a0
W. excavata;28.39833709;0.799745588;47;75.09119829;17.07204663;#2686a0
W. excavata;19.27083114;0.715174862;38;50.94743883;12.67089874;#2686a0
W. excavata;47.71492249;0.824686938;15;81.30174893;26.55112086;#2686a0
W. excavata;25.979852;0.698301907;50;58.03465421;16.6449886;#2686a0
W. excavata;44.33473167;0.821819437;37;80.47418261;25.90217891;#2686a0
W. excavata;14.84931488;0.31367781;17;32.72196624;10.46880599;#2686a0
W. excavata;66.51691589;0.831686908;12;81.65954253;27.15393214;#2686a0
W. excavata;29.48106056;0.740588174;14;57.58162044;16.84705926;#2686a0
W. excavata;21.33137285;0.74784659;45;59.71874852;13.57132757;#2686a0
W. excavata;41.15380421;0.812726307;35;75.92999288;23.85006216;#2686a0
W. excavata;41.40419466;0.817804101;18;78.83241189;24.78092085;#2686a0
W. excavata;21.68219945;0.717614637;49;53.33273165;14.79230182;#2686a0
W. excavata;33.33184147;0.767112446;33;66.58000685;20.75043182;#2686a0
W. excavata;43.6768581;0.816998668;27;78.09834014;24.43145649;#2686a0
W. excavata;13.57270549;0.392880861;38;27.31391826;9.98392421;#2686a0
W. excavata;26.34081554;0.69291027;23;50.40780326;16.52757814;#2686a0
W. excavata;38.68550815;0.813186517;38;77.16771844;23.1539468;#2686a0
W. excavata;47.08219442;0.823893277;42;81.41162941;26.89213918;#2686a0
W. excavata;9.466657795;0.323999702;49;22.64636964;7.946625254;#2686a0
W. excavata;36.26472875;0.809830933;29;77.65803003;21.8394872;#2686a0
W. excavata;43.69597683;0.81433247;13;75.66259283;25.89384131;#2686a0
W. excavata;23.14750201;0.710434587;50;50.60796568;14.86781615;#2686a0
W. excavata;27.45614616;0.569452152;12;55.61039942;17.10935073;#2686a0
W. excavata;44.2604809;0.822144248;32;80.50029541;26.0528289;#2686a0
W. excavata;28.04424462;0.775639204;35;67.19709526;17.78195766;#2686a0
W. excavata;39.0081774;0.804236028;46;73.88355298;23.25062255;#2686a0
W. excavata;16.13994563;0.538172217;36;36.00040965;11.18915338;#2686a0
W. excavata;37.03053872;0.814621153;27;78.84891865;22.22983245;#2686a0
W. excavata;40.59044847;0.816117925;47;77.92805401;24.26912354;#2686a0
W. excavata;46.14536527;0.811068348;33;78.49824068;25.58872107;#2686a0
W. excavata;32.86573116;0.798436074;12;73.94106367;19.6832696;#2686a0
W. excavata;24.76464438;0.601495302;34;45.71882488;15.51280997;#2686a0
W. excavata;44.10279307;0.809345057;45;79.88907439;25.70547278;#2686a0
W. excavata;22.27598903;0.676955991;43;48.96852987;14.30339222;#2686a0
W. excavata;44.32776396;0.815357957;42;77.33732625;24.8920406;#2686a0
W. excavata;26.09228218;0.801204431;26;79.02517604;15.4065587;#2686a0
W. excavata;20.85315466;0.735412332;22;59.09405831;12.60744092;#2686a0
W. excavata;31.23101228;0.805465778;16;79.36390821;18.42116627;#2686a0
W. excavata;14.11292371;0.406455745;40;28.66764379;10.34140852;#2686a0
W. excavata;36.64551411;0.813545245;15;79.49662699;21.82641968;#2686a0
W. excavata;44.63457059;0.817366085;22;80.01513178;25.72599483;#2686a0
W. excavata;21.84818119;0.583295971;21;46.31481806;13.41077572;#2686a0
W. excavata;10.56404473;0.297327988;24;24.48817131;8.461837718;#2686a0
W. excavata;44.88571404;0.813142863;50;77.48406839;24.75058098;#2686a0
W. excavata;54.43650447;0.810260098;14;75.43717847;25.64209537;#2686a0
W. excavata;35.28187718;0.794932501;50;71.80826867;21.49669779;#2686a0
W. excavata;44.64278762;0.816342076;41;77.81694621;24.46656337;#2686a0
W. excavata;42.65018782;0.813785835;15;75.26386964;24.6742455;#2686a0
W. excavata;48.04974307;0.82611222;24;81.87323103;27.2917801;#2686a0
W. excavata;42.90369778;0.81502381;29;79.57131615;24.78257345;#2686a0
W. excavata;22.2742178;0.742686913;24;59.49109613;14.44220486;#2686a0
W. excavata;22.17362013;0.617623677;49;49.74672391;14.33566351;#2686a0
W. excavata;43.78059472;0.809873245;47;80.07239075;25.60117307;#2686a0
W. excavata;41.44476827;0.813118725;37;76.40813939;25.14750689;#2686a0
W. excavata;43.90825158;0.817219414;17;78.51017506;25.20397335;#2686a0
W. excavata;39.41327576;0.813352915;32;76.07358616;23.38060185;#2686a0
W. excavata;23.65657828;0.748680821;50;60.7113031;15.54543487;#2686a0
W. excavata;53.67018313;0.825484667;24;81.03728738;26.76593056;#2686a0
W. excavata;10.41369635;0.451996823;20;27.97393395;8.581301832;#2686a0
W. excavata;18.83288569;0.722744846;50;54.96463164;12.17423403;#2686a0
W. excavata;44.7272267;0.816473352;39;77.88099178;24.39666653;#2686a0
W. excavata;15.24973248;0.438364502;15;30.42787389;10.99402134;#2686a0
W. excavata;21.7295347;0.738336372;29;57.95055475;14.55340503;#2686a0
W. excavata;9.737258703;0.420739715;31;24.432026;7.868055555;#2686a0
W. excavata;48.87421514;0.818779629;30;78.7431413;25.81237838;#2686a0
W. excavata;40.50283582;0.802098077;18;74.44738185;24.53741211;#2686a0
W. excavata;39.55739265;0.810622248;47;75.10349558;23.25254601;#2686a0
W. excavata;41.94406789;0.812336139;43;75.72517527;23.86066262;#2686a0
W. excavata;37.37108489;0.804092657;44;74.21810942;22.37470991;#2686a0
W. excavata;23.07665948;0.674087027;29;46.73385832;14.37049477;#2686a0
W. excavata;46.96109944;0.800170764;23;79.57593544;26.54517249;#2686a0
W. excavata;25.60905248;0.777489463;42;66.84733455;15.74725835;#2686a0
W. excavata;40.53992088;0.816711475;43;78.08754318;24.19639324;#2686a0
W. excavata;32.8614253;0.771881708;30;67.05259669;20.51282448;#2686a0
W. excavata;49.43405837;0.818677776;31;78.75575172;25.34202706;#2686a0
W. excavata;51.84056355;0.823931434;18;80.85548488;27.06537206;#2686a0
W. excavata;32.43555472;0.764476443;47;64.02008611;20.53658266;#2686a0
W. excavata;53.82357241;0.738484644;27;73.24929353;19.39040321;#2686a0
W. excavata;15.61014429;0.538975975;28;34.37924737;10.60394053;#2686a0
W. excavata;44.71881766;0.801981309;36;77.08773071;25.55237291;#2686a0
W. excavata;41.3561283;0.81468168;46;76.50733552;24.93910816;#2686a0
W. excavata;42.48043686;0.791764419;22;75.74066947;25.25245559;#2686a0
W. excavata;46.59512646;0.815114991;37;79.38236778;26.14578254;#2686a0
W. excavata;49.43780863;0.80555202;33;79.42270281;26.30986033;#2686a0
W. excavata;41.31994757;0.81251092;42;75.90316581;24.84900558;#2686a0
W. excavata;52.20871771;0.82655897;23;81.73530961;27.23145555;#2686a0
W. excavata;34.31494209;0.748372046;36;61.88219701;20.55285335;#2686a0
W. excavata;16.18095965;0.538555321;28;35.20790812;10.86772769;#2686a0
W. excavata;40.25335577;0.812615701;18;74.64762941;24.83032676;#2686a0
W. excavata;47.93376042;0.821389539;35;81.20591522;26.97078422;#2686a0
W. excavata;39.82347954;0.814068272;32;77.09398237;23.75716015;#2686a0
W. excavata;39.63520091;0.799303514;46;72.22326903;24.06319544;#2686a0
W. excavata;40.45258307;0.81448691;27;77.68006271;23.66005116;#2686a0
W. excavata;25.14032732;0.728765974;39;57.16205477;16.38515915;#2686a0
W. excavata;38.35586766;0.80683452;37;78.43152295;22.38905016;#2686a0
W. excavata;36.107712;0.807213397;42;76.08056046;20.30191441;#2686a0
W. excavata;40.43249192;0.812945219;21;75.89797061;24.58688533;#2686a0
W. excavata;49.05297468;0.810950885;19;79.56791736;26.22615257;#2686a0
W. excavata;24.89532221;0.727709616;42;59.25336892;15.7069559;#2686a0
W. excavata;50.83397398;0.817145677;13;79.00884198;24.37832799;#2686a0
W. excavata;41.53522675;0.816219527;28;77.12823629;23.96871333;#2686a0
W. excavata;47.62719994;0.812531648;19;78.10829571;25.05588153;#2686a0
W. excavata;47.27688652;0.82587586;15;81.78305538;27.26250191;#2686a0
W. excavata;39.92803554;0.810615557;36;76.68180301;23.1054875;#2686a0
W. excavata;15.89389509;0.579324544;40;38.35558531;10.8575721;#2686a0
W. excavata;46.48194311;0.817892258;23;78.66126663;25.63144801;#2686a0
W. excavata;34.85553888;0.723628908;26;58.69378862;19.8400095;#2686a0
W. excavata;45.87222219;0.822322253;17;80.01376227;26.57953893;#2686a0
W. excavata;13.05758461;0.532681281;44;32.61139021;9.511952006;#2686a0
W. excavata;46.49621017;0.824304775;16;80.98629045;26.93383544;#2686a0
W. excavata;19.92753076;0.608726242;38;43.64085156;13.1452493;#2686a0
W. excavata;24.47290928;0.523554578;23;46.50446364;15.6457423;#2686a0
W. excavata;14.0117501;0.535431578;40;33.40745897;10.11767923;#2686a0
W. excavata;41.80581373;0.817679757;37;77.98266288;25.08485127;#2686a0
W. excavata;19.5197809;0.619771853;43;45.33933637;12.82321271;#2686a0
W. excavata;16.33191235;0.585140583;37;37.86102489;11.50956968;#2686a0
W. excavata;25.19979304;0.740227831;50;60.16932461;16.18050181;#2686a0
W. excavata;43.3844956;0.800988389;21;76.8064159;24.40852197;#2686a0
W. excavata;45.41708233;0.822131217;36;79.94229994;26.54532217;#2686a0
W. excavata;24.90672418;0.697190714;50;47.5748911;14.87361871;#2686a0
W. excavata;29.16100884;0.781156771;30;70.73468655;17.64991232;#2686a0
W. excavata;19.77093866;0.635548119;47;46.49784129;12.95817888;#2686a0
W. excavata;36.91191996;0.806573405;28;76.32248829;20.26109029;#2686a0
W. excavata;46.34738723;0.79140845;17;77.76476802;25.11195652;#2686a0
W. excavata;41.49760035;0.816323458;43;76.97793404;24.73083417;#2686a0
W. excavata;39.576752;0.792663068;37;71.53148683;24.50025456;#2686a0
W. excavata;43.50760169;0.821988557;19;80.1641171;25.74693502;#2686a0
W. excavata;8.516604296;0.347897379;48;22.29818628;7.34413248;#2686a0
W. excavata;47.58659174;0.825714345;23;81.72978541;27.1280814;#2686a0
W. excavata;43.78661621;0.816303215;16;76.49895001;25.19409866;#2686a0
W. excavata;46.24043988;0.824390981;40;81.2239161;26.71974866;#2686a0
W. excavata;30.79558584;0.721775098;26;60.74769671;19.24853775;#2686a0
W. excavata;48.64434563;0.813170938;42;78.21962781;25.52880462;#2686a0
W. excavata;19.08614589;0.719816791;16;50.3225091;12.83905465;#2686a0
W. excavata;37.10324904;0.79713321;18;73.53385533;22.61281421;#2686a0
W. excavata;18.0881134;0.644148218;36;43.53227137;12.47049493;#2686a0
W. excavata;38.35117442;0.812802588;43;78.62555239;22.39728418;#2686a0
W. excavata;25.42259049;0.802172537;45;77.06465252;15.14927818;#2686a0
W. excavata;43.61487001;0.769744133;39;77.3664281;25.88124484;#2686a0
W. excavata;44.81168484;0.8167778;34;78.01510222;25.63861063;#2686a0
W. excavata;28.20040235;0.722442048;41;61.12138628;17.03510434;#2686a0
W. excavata;40.77395098;0.81206681;39;75.69365281;23.77058369;#2686a0
W. excavata;14.0252771;0.532836517;33;33.33700941;10.06699328;#2686a0
W. excavata;38.86914784;0.814294846;31;77.82425985;23.22308158;#2686a0
W. excavata;42.3202008;0.814129363;31;76.16818635;23.78916432;#2686a0
W. excavata;31.98511255;0.782786061;39;69.04697989;19.79519863;#2686a0
W. excavata;30.66257242;0.761870565;14;67.62980079;18.21785853;#2686a0
W. excavata;29.12245435;0.791449767;25;72.33678825;16.66219092;#2686a0
W. excavata;25.51052909;0.798018362;31;74.77417905;15.13037448;#2686a0
W. excavata;26.2572095;0.72285118;12;55.94960839;17.00410682;#2686a0
W. excavata;46.0912846;0.77477972;31;73.582132;21.13863759;#2686a0
W. excavata;21.78651167;0.724816609;48;54.29312507;15.04558632;#2686a0
W. excavata;37.55795096;0.808124769;15;76.82874248;21.94510509;#2686a0
W. excavata;28.99978002;0.616712022;35;57.76227075;17.76933337;#2686a0
W. excavata;41.70126769;0.809823406;20;76.59345936;24.57987793;#2686a0
W. excavata;47.75151486;0.825857624;22;81.7831063;27.1873746;#2686a0
W. excavata;41.41406634;0.814204838;26;76.37055879;25.08384366;#2686a0
W. excavata;37.75788277;0.772351341;47;71.459334;21.71708688;#2686a0
W. excavata;25.23879518;0.738830049;23;56.96790281;15.32474996;#2686a0
W. excavata;44.2490245;0.819129083;25;79.08333077;25.41721167;#2686a0
W. excavata;16.94449562;0.646337322;49;43.2251007;11.59992144;#2686a0
W. excavata;31.08906161;0.755126926;47;66.61917521;17.90739503;#2686a0
W. excavata;51.22316334;0.821441825;21;79.27067545;26.13056142;#2686a0
B. cf. aculeatus;43.26466344;0.736408148;14;65.7735553;17.13468261;#aecec5
B. cf. aculeatus;27.78282366;0.681746985;16;45.80717018;14.93953853;#aecec5
B. cf. aculeatus;36.57330161;0.756777468;16;67.45505126;14.91565664;#aecec5
B. cf. aculeatus;25.2751802;0.641997732;15;42.1507176;13.41849699;#aecec5
B. cf. aculeatus;29.45070089;0.705491859;18;50.87723979;15.2211797;#aecec5
B. cf. aculeatus;45.35743244;0.800157024;46;72.95987523;17.50099675;#aecec5
B. cf. aculeatus;44.20468666;0.791894667;27;72.41435126;17.39932048;#aecec5
B. cf. aculeatus;30.89190312;0.711947694;46;54.01482941;13.58431909;#aecec5
B. cf. aculeatus;37.65892182;0.679470876;20;47.46817583;16.30973912;#aecec5
B. cf. aculeatus;43.11839797;0.760682881;49;65.7556934;17.4360581;#aecec5
B. cf. aculeatus;44.13906262;0.773048722;41;68.44177274;17.63869014;#aecec5
B. cf. aculeatus;48.22354139;0.797602025;34;72.10590417;18.7252643;#aecec5
B. cf. aculeatus;36.39325495;0.743405413;34;61.0157017;14.79963518;#aecec5
B. cf. aculeatus;38.82833945;0.769617556;19;71.19430719;16.57483317;#aecec5
B. cf. aculeatus;27.70262686;0.698718362;19;49.65910908;14.31542762;#aecec5
B. cf. aculeatus;45.57467659;0.770645385;24;67.15438436;18.10031717;#aecec5
B. cf. aculeatus;32.75025511;0.707115107;32;53.24762744;14.33950273;#aecec5
B. cf. aculeatus;32.31997165;0.724518374;29;57.14761729;14.47522718;#aecec5
B. cf. aculeatus;30.68804395;0.732308576;15;61.88361073;13.34687933;#aecec5
B. cf. aculeatus;42.32264057;0.79488663;34;72.12541711;16.42705111;#aecec5
B. cf. aculeatus;27.37683769;0.734297652;39;56.05064547;12.62639204;#aecec5
B. cf. aculeatus;45.61758282;0.780150501;34;71.46017061;18.00466012;#aecec5
B. cf. aculeatus;43.17477801;0.73070106;17;59.05308305;17.44837133;#aecec5
B. cf. aculeatus;35.91004266;0.768951577;27;64.48176978;14.49524885;#aecec5
B. cf. aculeatus;34.55070692;0.736662273;28;58.36518756;14.38160704;#aecec5
B. cf. aculeatus;39.22403915;0.731393467;19;57.62778166;18.53599094;#aecec5
B. cf. aculeatus;46.06758311;0.747151447;19;64.73033527;18.22477206;#aecec5
B. cf. aculeatus;30.83526477;0.722731647;31;55.40693511;13.22343772;#aecec5
B. cf. aculeatus;46.19223827;0.787597533;36;72.19875672;18.19602239;#aecec5
B. cf. aculeatus;26.48295836;0.721332344;45;52.67149013;11.8965474;#aecec5
B. cf. aculeatus;33.23202542;0.707154839;20;55.62879661;14.49410857;#aecec5
B. cf. aculeatus;30.1154801;0.714211105;37;54.78183078;13.9465093;#aecec5
B. cf. aculeatus;51.23335911;0.798838516;12;73.27488932;19.86520727;#aecec5
B. cf. aculeatus;40.26682548;0.748055002;20;62.26490251;16.13292663;#aecec5
B. cf. aculeatus;34.26244098;0.710432858;23;56.09056472;14.88545943;#aecec5
B. cf. aculeatus;46.24161465;0.801860608;39;73.20886867;17.72567806;#aecec5
B. cf. aculeatus;47.2542196;0.801864617;42;73.03843294;18.10126508;#aecec5
B. cf. aculeatus;29.13656113;0.714159402;41;53.96373471;12.974274;#aecec5
B. cf. aculeatus;28.02109606;0.73838411;40;56.44162362;12.36459021;#aecec5
B. cf. aculeatus;29.4636288;0.720152359;24;52.95430229;14.87739115;#aecec5
B. cf. aculeatus;46.1893232;0.801179138;38;73.22676017;17.77136265;#aecec5
B. cf. aculeatus;27.70728028;0.69884632;23;48.58170831;14.70274149;#aecec5
B. cf. aculeatus;32.53960708;0.734520053;39;56.80633148;13.8478556;#aecec5
B. cf. aculeatus;28.26112249;0.736699055;44;56.29428355;12.41297049;#aecec5
B. cf. aculeatus;25.87156981;0.686120696;12;46.90017749;13.70088687;#aecec5
B. cf. aculeatus;60.00508962;0.798978995;24;72.56768706;22.32471286;#aecec5
B. cf. aculeatus;44.71667117;0.778443891;33;69.89383748;17.76130996;#aecec5
B. cf. aculeatus;27.77177313;0.738945348;43;56.48408789;12.31147029;#aecec5
B. cf. aculeatus;29.33504238;0.719672215;43;54.59955856;12.80313238;#aecec5
B. cf. aculeatus;40.01149633;0.744972237;50;61.01565117;16.52040895;#aecec5
B. cf. aculeatus;42.96781192;0.759648526;50;65.83051518;17.42960593;#aecec5
B. cf. aculeatus;46.6705662;0.799486348;28;72.3052803;17.92004854;#aecec5
B. cf. aculeatus;26.95205607;0.653250637;21;49.13090934;14.34012831;#aecec5
B. cf. aculeatus;29.82340922;0.730826308;44;54.92240759;14.68241113;#aecec5
B. cf. aculeatus;32.42301425;0.702841947;49;53.15240217;14.51260033;#aecec5
B. cf. aculeatus;44.88207742;0.799345587;45;73.09769274;17.35054146;#aecec5
B. cf. aculeatus;27.03519393;0.711933487;48;52.1800745;12.06911129;#aecec5
B. cf. aculeatus;53.54940105;0.796781555;13;72.84858722;20.83694449;#aecec5
B. cf. aculeatus;29.05286879;0.649557637;24;39.79645149;14.46964463;#aecec5
B. cf. aculeatus;27.8669788;0.715268996;49;53.40089702;12.3343144;#aecec5
B. cf. aculeatus;31.79070411;0.689158704;45;50.87263223;14.62734003;#aecec5
B. cf. aculeatus;39.73396329;0.762749854;31;65.16658197;15.75413891;#aecec5
B. cf. aculeatus;31.31570324;0.718104527;39;54.47317322;13.53647487;#aecec5
B. cf. aculeatus;26.95283055;0.659788931;35;46.18247987;13.73428468;#aecec5
B. cf. aculeatus;36.3443411;0.717576475;19;58.58884903;15.38370626;#aecec5
B. cf. aculeatus;23.64013361;0.709209733;29;48.94096162;11.18972391;#aecec5
B. cf. aculeatus;66.24720253;0.806376704;12;75.73484528;25.76491239;#aecec5
B. cf. aculeatus;31.75930882;0.753554973;19;59.90621985;13.41050807;#aecec5
B. cf. aculeatus;33.87104013;0.724701312;19;51.02074059;15.86312233;#aecec5
B. cf. aculeatus;49.87448264;0.801713474;37;73.12505531;18.92100635;#aecec5
B. cf. aculeatus;43.99900446;0.794006879;23;75.63025171;18.18106199;#aecec5
B. cf. aculeatus;28.09978617;0.730160623;46;55.49640326;12.34289858;#aecec5
B. cf. aculeatus;44.26427341;0.779639717;29;70.27649176;17.53682577;#aecec5
B. cf. aculeatus;42.36777633;0.693614309;18;52.39374435;17.56275041;#aecec5
B. cf. aculeatus;43.730602;0.783013066;25;68.81611845;17.97206894;#aecec5
B. cf. aculeatus;29.87674099;0.729567717;34;56.98397834;13.50694524;#aecec5
B. cf. aculeatus;26.46589415;0.722181005;43;52.62290966;11.89112899;#aecec5
B. cf. aculeatus;28.73233428;0.707204667;17;59.71999172;12.6135707;#aecec5
B. cf. aculeatus;33.94743157;0.752830128;45;61.27265306;14.00416139;#aecec5
B. cf. aculeatus;41.75949039;0.750749607;15;70.03868028;17.96194878;#aecec5
B. cf. aculeatus;56.45134561;0.792860044;14;74.2033099;21.795801;#aecec5
B. cf. aculeatus;25.08548847;0.706051176;33;49.67069474;12.8227389;#aecec5
B. cf. aculeatus;33.77189013;0.754989006;39;61.79182715;13.89483488;#aecec5
B. cf. aculeatus;41.58982861;0.756092087;46;64.95607225;16.89530719;#aecec5
B. cf. aculeatus;28.90555507;0.711773035;12;51.63780219;14.54330532;#aecec5
B. cf. aculeatus;40.03084712;0.758392537;37;64.33834902;16.32895771;#aecec5
B. cf. aculeatus;30.85503721;0.727738528;38;55.41419553;13.33337844;#aecec5
B. cf. aculeatus;35.22811544;0.679103924;23;46.67772456;15.63161539;#aecec5
B. cf. aculeatus;28.55040342;0.727560307;32;54.42479949;12.46396935;#aecec5
B. cf. aculeatus;41.32497035;0.686509065;18;54.95351412;19.48128165;#aecec5
B. cf. aculeatus;29.12110481;0.745277843;33;57.79049942;12.65059928;#aecec5
B. cf. aculeatus;41.72400562;0.792917502;37;71.55502754;16.60845647;#aecec5
B. cf. aculeatus;29.13406701;0.719546891;38;54.42394978;12.77994278;#aecec5
B. cf. aculeatus;23.91044033;0.711041318;18;50.20875101;12.04180895;#aecec5
B. cf. aculeatus;28.60727539;0.661785367;20;51.30442275;14.33819793;#aecec5
B. cf. aculeatus;27.68545378;0.737485408;36;55.48744146;12.22943157;#aecec5
B. cf. aculeatus;40.22597438;0.783740221;50;69.15694744;15.78528277;#aecec5
B. cf. aculeatus;39.53893088;0.73887165;33;60.9243783;16.42641688;#aecec5
B. cf. aculeatus;34.6283662;0.765587727;32;63.16107809;14.14462443;#aecec5
B. cf. aculeatus;46.25892947;0.795898133;30;71.9165432;18.24068346;#aecec5
B. cf. aculeatus;35.59530274;0.768544619;20;63.97520582;14.67089229;#aecec5
B. cf. aculeatus;44.91055575;0.743313765;12;61.35679503;17.72780579;#aecec5
B. cf. aculeatus;42.28321029;0.75116598;28;64.20302648;17.232101;#aecec5
B. cf. aculeatus;37.56931177;0.788236012;40;71.21478868;14.9261428;#aecec5
B. cf. aculeatus;30.0889348;0.699910593;35;52.23017427;13.9707483;#aecec5
B. cf. aculeatus;30.79392404;0.714501149;13;49.61473304;14.61738323;#aecec5
B. cf. aculeatus;28.28705047;0.733039451;44;56.09747587;12.42886733;#aecec5
B. cf. aculeatus;31.60423987;0.707608558;31;53.92928563;14.01646071;#aecec5
B. cf. aculeatus;34.76032576;0.730235111;32;60.05470146;14.73546797;#aecec5
B. cf. aculeatus;26.9690949;0.718565245;45;52.30975693;12.16441882;#aecec5
B. cf. aculeatus;50.52119495;0.804329755;18;74.65830593;19.54998228;#aecec5
B. cf. aculeatus;41.24915531;0.721491705;17;57.29431766;16.6802213;#aecec5
B. cf. aculeatus;28.61027896;0.679530915;37;49.64370899;14.26386751;#aecec5
B. cf. aculeatus;29.35724916;0.713639265;39;51.88474821;14.97395065;#aecec5
B. cf. aculeatus;28.53593529;0.728381743;18;61.24683244;12.48655706;#aecec5
B. cf. aculeatus;36.61254252;0.753225228;50;62.1605758;15.05718248;#aecec5
B. cf. aculeatus;29.45295062;0.716559833;35;54.0354575;13.06435941;#aecec5
B. cf. aculeatus;29.11095268;0.730404697;31;54.87968186;12.62116547;#aecec5
B. cf. aculeatus;38.59849155;0.75083557;17;64.31149726;17.53237598;#aecec5
B. cf. aculeatus;33.57615374;0.696749788;28;51.26809603;14.81628015;#aecec5
B. cf. aculeatus;45.5939398;0.797386312;22;72.74700128;17.86563062;#aecec5
B. cf. aculeatus;71.35773668;0.831266034;16;80.61407286;26.94526982;#aecec5
B. cf. aculeatus;34.84491167;0.77810712;11;69.10081865;14.08769946;#aecec5
B. cf. aculeatus;27.09702144;0.730319745;45;54.48487797;12.07229094;#aecec5
B. cf. aculeatus;34.73750191;0.733057074;23;59.46459841;15.16436428;#aecec5
B. cf. aculeatus;31.62155111;0.711119757;38;53.72655729;13.87006092;#aecec5
B. cf. aculeatus;42.42135766;0.75399262;38;63.89111085;17.28856641;#aecec5
B. cf. aculeatus;33.02320793;0.663867542;19;42.89057356;15.26847565;#aecec5
B. cf. aculeatus;37.35495543;0.738613489;40;61.48561571;15.57475024;#aecec5
B. cf. aculeatus;29.31774485;0.729334024;28;54.77288497;12.72822743;#aecec5
B. cf. aculeatus;44.35349212;0.795530804;27;72.92052616;17.31187862;#aecec5
B. cf. aculeatus;43.35695435;0.776940682;33;69.38384653;17.21066755;#aecec5
B. cf. aculeatus;28.34341408;0.732022606;37;55.94954721;13.202591;#aecec5
B. cf. aculeatus;44.25276121;0.752559391;21;67.3944755;17.55022654;#aecec5
B. cf. aculeatus;24.09556244;0.716547117;39;50.43473418;11.39267476;#aecec5
B. cf. aculeatus;40.99376574;0.769706253;14;67.12523106;18.05832627;#aecec5
B. cf. aculeatus;32.10771466;0.675781631;31;46.42672348;14.70449899;#aecec5
B. cf. aculeatus;30.19704262;0.660337555;27;41.29685575;14.69359443;#aecec5
B. cf. aculeatus;32.10235615;0.716536849;29;54.60156714;13.66874301;#aecec5
B. cf. aculeatus;38.41872972;0.695946444;21;51.20007112;16.20098816;#aecec5
B. cf. aculeatus;35.78289363;0.791160237;25;71.79423777;15.12978629;#aecec5
B. cf. aculeatus;35.10110938;0.758339494;35;63.51674859;14.27524427;#aecec5
B. cf. aculeatus;31.9846774;0.704812787;46;52.86957777;14.11074004;#aecec5
B. cf. aculeatus;46.30933627;0.804744792;13;75.16206439;17.87465931;#aecec5
B. cf. aculeatus;39.81360631;0.789856116;18;69.09092827;15.68207776;#aecec5
B. cf. aculeatus;26.8232771;0.717034375;40;52.41663142;12.0601757;#aecec5
B. cf. aculeatus;29.61793646;0.714452347;46;54.25783535;13.13404713;#aecec5
B. cf. aculeatus;42.02052082;0.789745133;30;71.16046006;16.44647989;#aecec5
B. cf. aculeatus;27.30524917;0.715728181;16;52.23470698;12.8249991;#aecec5
B. cf. aculeatus;36.09166599;0.743613976;43;59.6698671;15.06955661;#aecec5
B. cf. aculeatus;45.02920218;0.765668975;14;66.50413009;20.31254571;#aecec5
B. cf. aculeatus;43.76165544;0.798117845;38;73.10902465;17.07155163;#aecec5
B. cf. aculeatus;29.33201098;0.725865597;22;54.21345776;14.53952956;#aecec5
B. cf. aculeatus;38.69894724;0.682134741;25;51.51036571;18.56388164;#aecec5
B. cf. aculeatus;33.13822898;0.738674906;34;57.86993777;15.84499651;#aecec5
B. cf. aculeatus;39.45678608;0.734617943;15;64.67006596;18.0101127;#aecec5
B. cf. aculeatus;34.35179021;0.731834687;36;59.92967356;14.63080546;#aecec5
B. cf. aculeatus;29.74343429;0.725799393;50;55.7290397;13.9521475;#aecec5
B. cf. aculeatus;41.40038024;0.780913011;24;67.95745456;16.38681356;#aecec5
B. cf. aculeatus;34.36397834;0.714289538;44;54.32891264;14.45823032;#aecec5
B. cf. aculeatus;30.42835567;0.733320226;19;55.89646359;14.79478322;#aecec5
B. cf. aculeatus;42.7566715;0.745072626;14;68.94296543;19.34812391;#aecec5
B. cf. aculeatus;47.17720061;0.796154758;28;72.17825224;18.45438841;#aecec5
B. cf. aculeatus;37.30991508;0.73430897;21;58.44172113;15.3036551;#aecec5
B. cf. aculeatus;29.045142;0.722532943;47;54.9374269;12.60178558;#aecec5
B. cf. aculeatus;38.47328747;0.763223469;34;69.6025234;15.54273264;#aecec5
B. cf. aculeatus;27.34659135;0.718735175;28;52.56011367;12.13449329;#aecec5
B. cf. aculeatus;56.44484787;0.804029901;17;74.23017614;21.10690149;#aecec5
B. cf. aculeatus;42.12542411;0.792666881;47;71.54475919;16.79512561;#aecec5
B. cf. aculeatus;50.03690226;0.797847578;17;73.46170336;19.42521142;#aecec5
B. cf. aculeatus;30.8312172;0.711995145;41;54.16239649;13.57196832;#aecec5
B. cf. aculeatus;25.9580464;0.723821342;34;52.14249842;11.77853526;#aecec5
B. cf. aculeatus;27.96684198;0.737315007;40;55.96088694;12.32502431;#aecec5
B. cf. aculeatus;56.84386965;0.804410124;20;74.23469956;21.22237452;#aecec5
B. cf. aculeatus;45.37720635;0.792691203;36;72.71989084;17.92925253;#aecec5
B. cf. aculeatus;27.80026349;0.7320099;41;56.07010394;12.44237561;#aecec5
B. cf. aculeatus;34.16632583;0.737131699;34;57.58641987;16.45080125;#aecec5
B. cf. aculeatus;27.48245784;0.720792525;16;54.71180493;12.7601816;#aecec5
B. cf. aculeatus;40.80608944;0.747667603;38;63.54928087;16.74935094;#aecec5
B. cf. aculeatus;25.96298993;0.716342002;48;51.25284167;11.78966126;#aecec5
B. cf. aculeatus;26.67242882;0.625436966;20;39.03715484;14.28592443;#aecec5
B. cf. aculeatus;38.82763225;0.771611153;34;66.46313926;15.57445919;#aecec5
B. cf. aculeatus;42.94949477;0.794535837;45;72.09908521;16.92015882;#aecec5
B. cf. aculeatus;45.56434346;0.794975125;47;72.84963656;17.88574772;#aecec5
B. cf. aculeatus;29.1420655;0.735994175;42;56.62493879;12.61352663;#aecec5
B. cf. aculeatus;40.7918488;0.740398046;30;62.13263639;16.80925719;#aecec5
B. cf. aculeatus;43.07980748;0.792335695;14;71.80282302;17.09470283;#aecec5
B. cf. aculeatus;43.6480961;0.798610237;41;72.80362353;16.99012598;#aecec5
B. cf. aculeatus;26.84904715;0.659487224;37;46.88395171;14.04620251;#aecec5
B. cf. aculeatus;28.89824056;0.718176361;41;54.2047943;12.72480081;#aecec5
B. cf. aculeatus;33.55359344;0.694395272;30;51.86668175;14.99667809;#aecec5
B. cf. aculeatus;25.3925676;0.729575738;36;53.77977717;11.98483653;#aecec5
B. cf. aculeatus;32.9210077;0.725333383;16;54.80146763;16.21119127;#aecec5
B. cf. aculeatus;40.56106332;0.722365679;25;58.1258389;16.43178513;#aecec5
T. gracilis;63.82400156;0.768800622;37;74.89218142;24.60714188;#dcd1a2
T. gracilis;51.87438186;0.76247431;34;71.90125646;24.17399509;#dcd1a2
T. gracilis;46.11339805;0.695301117;42;66.56660706;22.6710636;#dcd1a2
T. gracilis;57.91049023;0.743698283;27;69.80960868;21.7137935;#dcd1a2
T. gracilis;62.73542767;0.752560587;46;70.48266377;22.84964247;#dcd1a2
T. gracilis;41.14308968;0.721187217;44;64.42905829;22.10194719;#dcd1a2
T. gracilis;42.56325605;0.723524977;49;64.39931369;22.0630643;#dcd1a2
T. gracilis;46.98286995;0.784570818;21;75.27989274;25.30730889;#dcd1a2
T. gracilis;55.50604606;0.782736582;32;77.4693634;25.8493401;#dcd1a2
T. gracilis;38.74100138;0.713306625;35;62.79968503;21.087602;#dcd1a2
T. gracilis;70.01566494;0.792627685;39;74.49886898;24.74642564;#dcd1a2
T. gracilis;69.47660123;0.774357589;19;75.9533755;25.57030942;#dcd1a2
T. gracilis;49.43393766;0.779569704;38;76.58090133;25.63360676;#dcd1a2
T. gracilis;62.79353914;0.789637366;47;77.63108071;25.48984151;#dcd1a2
T. gracilis;56.89558169;0.761615927;49;68.41992326;22.73763649;#dcd1a2
T. gracilis;46.81191226;0.739228273;37;67.87254224;23.01559621;#dcd1a2
T. gracilis;48.86133245;0.771087963;34;70.62818696;23.80524553;#dcd1a2
T. gracilis;61.05927156;0.74018827;29;70.79716184;23.28284674;#dcd1a2
T. gracilis;45.14262569;0.769304156;23;73.31937683;24.6042238;#dcd1a2
T. gracilis;47.64400983;0.773166817;11;72.44515253;24.47650224;#dcd1a2
T. gracilis;46.75831966;0.717673449;50;66.6298997;21.67698859;#dcd1a2
T. gracilis;55.48097809;0.791690913;16;76.66531656;25.53180899;#dcd1a2
T. gracilis;68.37008889;0.776541258;48;71.42669241;23.93404461;#dcd1a2
T. gracilis;75.19711985;0.807707648;11;77.37497338;25.75352182;#dcd1a2
T. gracilis;73.76197939;0.777825593;19;73.08853834;24.22194693;#dcd1a2
T. gracilis;56.61414477;0.738965911;49;65.26646714;21.3463734;#dcd1a2
T. gracilis;55.09848477;0.723278546;32;67.13942222;21.23410765;#dcd1a2
T. gracilis;52.01529165;0.738997249;29;72.11523027;24.18082913;#dcd1a2
T. gracilis;67.90799298;0.770845144;41;70.76191714;23.73154729;#dcd1a2
T. gracilis;54.27062375;0.742455978;35;67.83630648;22.30810651;#dcd1a2
T. gracilis;59.46429322;0.774566082;30;76.38024585;25.49346954;#dcd1a2
T. gracilis;61.65518455;0.751443254;37;69.81423684;22.68491537;#dcd1a2
T. gracilis;46.67543798;0.767217305;26;69.848181;23.55862806;#dcd1a2
T. gracilis;45.34878674;0.733463924;50;65.91385655;22.48188861;#dcd1a2
T. gracilis;43.54653363;0.76792307;28;70.58602763;23.60730758;#dcd1a2
T. gracilis;68.67095444;0.771168899;32;75.23706896;24.72204448;#dcd1a2
T. gracilis;71.00797078;0.797195771;17;75.9863648;25.23158978;#dcd1a2
T. gracilis;51.67912585;0.736859346;40;70.88935638;23.58264052;#dcd1a2
T. gracilis;45.58669202;0.737434702;32;69.17429871;23.43633743;#dcd1a2
T. gracilis;46.16316811;0.728311616;43;65.02956968;22.05557721;#dcd1a2
T. gracilis;43.85947379;0.727189395;40;67.32178552;22.97563364;#dcd1a2
T. gracilis;64.99204271;0.743890538;14;73.65026631;24.55788437;#dcd1a2
T. gracilis;68.46436972;0.735654449;21;71.81899835;23.97511605;#dcd1a2
T. gracilis;68.29212474;0.775057825;42;74.85478691;24.73878593;#dcd1a2
T. gracilis;53.43560179;0.763044534;42;69.87956261;23.56434863;#dcd1a2
T. gracilis;37.65789649;0.682363479;21;67.87412903;22.75948621;#dcd1a2
T. gracilis;55.67282992;0.800523803;23;76.72604603;25.52368392;#dcd1a2
T. gracilis;66.69142713;0.766229628;43;74.85308145;24.44960566;#dcd1a2
T. gracilis;55.11661228;0.789348156;33;77.87015923;26.02053702;#dcd1a2
T. gracilis;52.05033009;0.733107594;43;70.32243148;23.64245663;#dcd1a2
T. gracilis;67.10475484;0.799622708;11;75.64115837;24.07779409;#dcd1a2
T. gracilis;53.10355252;0.73468212;45;67.95637029;22.06546618;#dcd1a2
T. gracilis;71.52566922;0.76531984;11;74.16494162;24.32079701;#dcd1a2
T. gracilis;57.71615988;0.709547398;39;65.13968601;21.74238372;#dcd1a2
T. gracilis;75.37595814;0.796901824;23;75.00929003;25.10400967;#dcd1a2
T. gracilis;52.38876432;0.757834582;47;68.83629626;23.20774291;#dcd1a2
T. gracilis;59.60975499;0.735128689;40;66.79142945;22.37437207;#dcd1a2
T. gracilis;47.03400387;0.717005495;22;66.85748774;23.08232446;#dcd1a2
T. gracilis;59.30159668;0.746859962;36;73.84071946;24.65577788;#dcd1a2
T. gracilis;43.29511824;0.783418719;25;76.69436036;25.65449921;#dcd1a2
T. gracilis;59.48068335;0.757993593;48;68.0115436;22.69033714;#dcd1a2
T. gracilis;68.53645176;0.798244109;21;74.42782559;24.84349956;#dcd1a2
T. gracilis;39.55409046;0.72458197;36;66.58842102;22.62797063;#dcd1a2
T. gracilis;47.89871916;0.707224968;29;63.69321512;22.22811578;#dcd1a2
T. gracilis;41.60364786;0.687632774;50;62.05629672;21.58597614;#dcd1a2
T. gracilis;50.30177311;0.759140611;21;71.25396815;23.7620369;#dcd1a2
T. gracilis;54.43392942;0.771512921;20;74.70412852;24.75569537;#dcd1a2
T. gracilis;50.36688244;0.758837955;20;71.2111174;23.86654662;#dcd1a2
T. gracilis;61.13012106;0.749479438;42;67.76744412;22.46620775;#dcd1a2
T. gracilis;65.79716079;0.763065384;50;71.0620601;23.69418055;#dcd1a2
T. gracilis;69.78263123;0.78356654;39;72.74936549;24.33815707;#dcd1a2
T. gracilis;57.99101917;0.765893411;44;71.41553188;23.93375655;#dcd1a2
T. gracilis;70.24312661;0.780883799;40;72.31241759;24.22428507;#dcd1a2
T. gracilis;43.67378646;0.750648247;39;67.74877587;22.94452986;#dcd1a2
T. gracilis;70.29458083;0.770313091;31;71.83142261;23.98500437;#dcd1a2
T. gracilis;65.74813153;0.776993796;32;76.55139498;25.50515202;#dcd1a2
T. gracilis;66.93731853;0.786169658;41;76.98121576;24.93370843;#dcd1a2
T. gracilis;58.83453283;0.698359844;12;62.86945845;21.99302824;#dcd1a2
T. gracilis;73.82513193;0.774478012;22;73.07196948;24.44681427;#dcd1a2
T. gracilis;71.60985725;0.798009069;26;75.22251521;25.01230689;#dcd1a2
T. gracilis;46.08663326;0.743826212;29;73.44949254;24.8196843;#dcd1a2
T. gracilis;67.76233536;0.75964103;40;72.59823762;23.97234202;#dcd1a2
T. gracilis;55.30120192;0.752750476;49;70.19200092;23.33277618;#dcd1a2
Palmatolepis sp.;31.50148865;0.562049376;42;42.69593821;15.55275588;#cad5c1
Palmatolepis sp.;24.82371134;0.550920704;23;33.48012196;13.21569928;#cad5c1
Palmatolepis sp.;91.09897605;0.892236787;19;81.58690084;27.21830897;#cad5c1
Palmatolepis sp.;61.41328546;0.808363489;39;59.10385898;19.6628478;#cad5c1
Palmatolepis sp.;50.92259511;0.696830815;38;59.79192245;20.83894454;#cad5c1
Palmatolepis sp.;48.39422892;0.623964925;15;56.88697483;17.0360716;#cad5c1
Palmatolepis sp.;92.11586918;0.898377584;11;81.78146413;27.27124149;#cad5c1
Palmatolepis sp.;89.45402834;0.877822234;40;81.17677972;27.033903;#cad5c1
Palmatolepis sp.;88.82396252;0.870718806;24;81.37478267;27.08876547;#cad5c1
Palmatolepis sp.;65.51344312;0.821271783;46;62.37474505;20.54617824;#cad5c1
Palmatolepis sp.;50.252981;0.61310023;37;52.97672573;18.85300502;#cad5c1
Palmatolepis sp.;90.07813302;0.887462035;33;81.19990549;27.12611149;#cad5c1
Palmatolepis sp.;80.40980486;0.815724539;33;76.04908366;25.57089967;#cad5c1
Palmatolepis sp.;50.18887246;0.781985141;11;53.14513337;16.03717489;#cad5c1
Palmatolepis sp.;61.8646442;0.691206722;43;64.00856652;21.89284366;#cad5c1
Palmatolepis sp.;86.07445568;0.876948216;15;79.63057762;25.59764477;#cad5c1
Palmatolepis sp.;41.08249589;0.734735901;28;46.37936275;14.06566458;#cad5c1
Palmatolepis sp.;33.17811115;0.640535162;23;47.25528904;17.16954352;#cad5c1
Palmatolepis sp.;71.84009865;0.840881063;39;67.47386287;21.88732132;#cad5c1
Palmatolepis sp.;76.94264303;0.808279934;50;75.3676002;24.6752816;#cad5c1
Palmatolepis sp.;90.495833;0.887590208;44;81.60320558;27.18843126;#cad5c1
Palmatolepis sp.;58.42269722;0.764682352;31;56.72358134;20.45524386;#cad5c1
Palmatolepis sp.;48.68315405;0.655034783;26;60.39861314;18.10613957;#cad5c1
Palmatolepis sp.;85.23433578;0.851529818;41;78.08741968;26.13047488;#cad5c1
Palmatolepis sp.;90.49071558;0.888832733;18;81.35879083;27.18344316;#cad5c1
Palmatolepis sp.;90.70399139;0.889259114;20;81.52482983;27.20961356;#cad5c1
Palmatolepis sp.;83.16793996;0.842488257;20;79.03530024;25.50965625;#cad5c1
Palmatolepis sp.;81.10082999;0.831960537;25;77.89160077;24.78789766;#cad5c1
Palmatolepis sp.;40.30509031;0.747685086;46;44.83353905;13.96670823;#cad5c1
Palmatolepis sp.;50.51318671;0.774976945;41;51.26833588;16.81713097;#cad5c1
Palmatolepis sp.;42.16674492;0.741568877;45;45.44837323;14.57828029;#cad5c1
Palmatolepis sp.;49.4417504;0.637152665;48;55.40773915;19.44304508;#cad5c1
Palmatolepis sp.;15.43610266;0.526529305;45;27.61603055;11.0385873;#cad5c1
Palmatolepis sp.;16.01483926;0.523590674;45;28.44445916;11.38954024;#cad5c1
Palmatolepis sp.;85.33487874;0.858636516;27;80.36428753;26.46666757;#cad5c1
Palmatolepis sp.;92.17224503;0.898462239;20;81.87228264;27.29071707;#cad5c1
Palmatolepis sp.;54.05119197;0.763289491;19;55.46505529;17.44217188;#cad5c1
Palmatolepis sp.;71.95752587;0.764040017;50;71.95672483;24.21759115;#cad5c1
Palmatolepis sp.;90.50953008;0.882818451;19;80.87919829;26.9859815;#cad5c1
Palmatolepis sp.;77.9241737;0.828175088;21;74.21880413;24.23065991;#cad5c1
Palmatolepis sp.;44.83065739;0.784464126;15;49.92020623;14.59896614;#cad5c1
Palmatolepis sp.;84.61931393;0.842754641;31;79.54206278;26.56705525;#cad5c1
Palmatolepis sp.;84.76399329;0.85250166;48;78.70956741;26.1085508;#cad5c1
Palmatolepis sp.;83.17706959;0.842655957;34;79.03923965;26.03236451;#cad5c1
Palmatolepis sp.;83.63610232;0.871409714;35;76.30805388;25.16640012;#cad5c1
Palmatolepis sp.;48.95324188;0.757443974;40;50.32676957;16.92032545;#cad5c1
Palmatolepis sp.;87.44620711;0.859322428;33;80.57311487;26.88299247;#cad5c1
Palmatolepis sp.;50.55893991;0.789713061;37;52.40688132;16.22593041;#cad5c1
Palmatolepis sp.;58.37644299;0.793556143;49;56.87054841;19.2917493;#cad5c1
Palmatolepis sp.;27.79395641;0.573132911;21;36.67133442;14.28383222;#cad5c1
Palmatolepis sp.;42.30214528;0.611677016;48;49.10882744;17.56454315;#cad5c1
Palmatolepis sp.;86.08347023;0.858215411;42;80.02797333;26.41743861;#cad5c1
Palmatolepis sp.;89.27288901;0.877866998;26;81.13917559;26.91723489;#cad5c1
Palmatolepis sp.;61.70094541;0.812912456;33;60.17093321;19.06705425;#cad5c1
Palmatolepis sp.;36.31529326;0.611313014;40;44.55586794;16.24799209;#cad5c1
Palmatolepis sp.;66.05573901;0.819399722;19;63.1689071;22.19385258;#cad5c1
Palmatolepis sp.;60.53277565;0.692794392;45;63.15791598;21.72857369;#cad5c1
Palmatolepis sp.;58.85123442;0.81061088;22;58.41802206;18.21539893;#cad5c1
Palmatolepis sp.;44.32746319;0.769970549;33;47.97171768;14.84814339;#cad5c1
Palmatolepis sp.;66.68823277;0.808833662;17;65.54866779;22.66366536;#cad5c1
Palmatolepis sp.;39.60877338;0.598229936;44;47.00733826;16.91656633;#cad5c1
Palmatolepis sp.;83.20880568;0.854139588;20;77.60299253;26.00613638;#cad5c1
Palmatolepis sp.;78.60450764;0.847269261;29;73.02810451;24.67487732;#cad5c1
Palmatolepis sp.;88.40534594;0.875272706;23;81.09890128;27.01822766;#cad5c1
Palmatolepis sp.;89.23057587;0.885843818;32;80.56112949;26.9276723;#cad5c1
Palmatolepis sp.;60.96228118;0.752051709;35;58.18817867;20.86880977;#cad5c1
Palmatolepis sp.;75.14229588;0.798973685;41;74.36005442;24.21394038;#cad5c1
Palmatolepis sp.;55.02974309;0.655783182;47;58.94167341;20.42748483;#cad5c1
Palmatolepis sp.;19.241551;0.555279565;30;31.39898924;11.756272;#cad5c1
Palmatolepis sp.;87.67740986;0.8791107;33;79.53388018;26.62645035;#cad5c1
Palmatolepis sp.;85.80742073;0.850706509;40;80.08556564;26.72789024;#cad5c1
Palmatolepis sp.;34.34839293;0.589944288;44;43.17742668;15.77387425;#cad5c1
Palmatolepis sp.;59.89775865;0.76437101;24;55.55573041;20.01371026;#cad5c1
Palmatolepis sp.;89.69095624;0.883340089;39;81.22708631;27.1463251;#cad5c1
Palmatolepis sp.;76.58539647;0.828187961;45;71.33966987;24.50900345;#cad5c1
Palmatolepis sp.;82.71222883;0.837066213;37;76.06169441;25.63529907;#cad5c1
Palmatolepis sp.;60.48201243;0.752969886;35;65.46042186;21.34332975;#cad5c1
Palmatolepis sp.;90.68578725;0.891717035;25;81.28288768;27.15457488;#cad5c1
Palmatolepis sp.;91.57043286;0.893067977;25;81.61040485;27.20632841;#cad5c1
Palmatolepis sp.;81.42139999;0.81339603;39;76.16598915;25.55284047;#cad5c1
Palmatolepis sp.;81.53090961;0.848884807;19;77.61194526;25.7778166;#cad5c1
Palmatolepis sp.;74.62738503;0.778576219;38;72.52849953;24.14325664;#cad5c1
Palmatolepis sp.;14.83204444;0.492952028;34;27.1757882;10.9000357;#cad5c1
Palmatolepis sp.;59.76507544;0.816237909;30;59.33748773;18.43237926;#cad5c1
Palmatolepis sp.;80.4942399;0.826056082;47;77.11249041;25.38669634;#cad5c1
Palmatolepis sp.;90.94477519;0.892173044;16;81.47350152;27.19007497;#cad5c1
Palmatolepis sp.;62.6182683;0.700689761;20;65.78756112;21.24636644;#cad5c1
Palmatolepis sp.;90.55123914;0.894080769;21;80.9155104;27.08380047;#cad5c1
Palmatolepis sp.;42.89475149;0.727473286;32;45.63848433;14.96601019;#cad5c1
Palmatolepis sp.;71.29529103;0.724651157;30;67.57299039;22.99544656;#cad5c1
Palmatolepis sp.;51.62340713;0.768452691;41;52.09949809;17.63790139;#cad5c1
Palmatolepis sp.;92.04722672;0.898325732;18;81.7252269;27.26007406;#cad5c1
Palmatolepis sp.;89.48536554;0.879753429;15;80.36495733;26.89125507;#cad5c1
Palmatolepis sp.;89.47451456;0.890223816;27;80.04681688;26.76814258;#cad5c1
Palmatolepis sp.;87.16066415;0.859425055;22;79.97334938;26.64946782;#cad5c1
Palmatolepis sp.;77.95120842;0.812656825;41;75.58817738;24.74388186;#cad5c1
Palmatolepis sp.;81.10406342;0.848219327;45;75.22307835;25.27493552;#cad5c1
Palmatolepis sp.;83.06250483;0.848069032;41;79.90457901;26.30913911;#cad5c1
Palmatolepis sp.;51.1102481;0.790481305;45;52.65568064;16.42992851;#cad5c1
Palmatolepis sp.;52.43892275;0.833730407;35;54.37022454;16.03213095;#cad5c1
Palmatolepis sp.;80.19708494;0.794107824;26;74.36862063;24.73595988;#cad5c1
Palmatolepis sp.;45.51516736;0.747317579;28;47.94713275;15.79725004;#cad5c1
Palmatolepis sp.;16.1651577;0.53863062;36;29.0042056;11.47809827;#cad5c1
Palmatolepis sp.;86.96446383;0.879503957;24;78.82847851;26.08983199;#cad5c1
Palmatolepis sp.;67.18832168;0.740606076;38;69.24750615;23.42188876;#cad5c1
Palmatolepis sp.;57.49000062;0.788475586;22;56.94241425;19.08369838;#cad5c1
Palmatolepis sp.;85.02118671;0.845240178;48;78.61877947;26.20045078;#cad5c1
Palmatolepis sp.;89.57023703;0.876395155;28;80.51875681;26.90110072;#cad5c1
Palmatolepis sp.;17.03812521;0.547015457;25;29.86394937;11.69280248;#cad5c1
Palmatolepis sp.;59.25523025;0.794981465;50;57.45509754;19.55748153;#cad5c1
Palmatolepis sp.;85.00146543;0.851742395;41;79.33908286;26.1661717;#cad5c1
Palmatolepis sp.;83.7213366;0.840157088;40;77.76916971;25.83591192;#cad5c1
Palmatolepis sp.;83.34599614;0.844159753;37;79.24333702;26.02563557;#cad5c1
Palmatolepis sp.;60.26765878;0.767641789;39;57.48228215;20.17251525;#cad5c1
Palmatolepis sp.;15.15371439;0.63054551;18;35.06032615;11.00811946;#cad5c1
Palmatolepis sp.;90.14040799;0.88813661;33;81.16458062;27.12769215;#cad5c1
Palmatolepis sp.;58.83962047;0.754793679;29;55.95707457;19.83918448;#cad5c1
Palmatolepis sp.;88.78925378;0.880494562;26;80.93084963;26.69612472;#cad5c1
Palmatolepis sp.;55.01747546;0.671545719;50;59.38937796;20.72055353;#cad5c1
Palmatolepis sp.;65.80372125;0.845965222;37;63.51420395;19.83148404;#cad5c1
Palmatolepis sp.;76.24370698;0.835971867;49;71.30417989;23.47800366;#cad5c1
Palmatolepis sp.;90.66896866;0.888234308;17;81.5428059;27.23264177;#cad5c1
Palmatolepis sp.;88.29807629;0.879826914;19;81.39678784;26.75856085;#cad5c1
Palmatolepis sp.;58.18047061;0.74860847;28;54.55850721;19.59829803;#cad5c1
Palmatolepis sp.;81.90591671;0.827003474;33;77.48724817;25.76767249;#cad5c1
Palmatolepis sp.;83.9904101;0.859505543;37;76.98328961;25.72293393;#cad5c1
Palmatolepis sp.;59.10085783;0.631120378;31;57.40772352;20.1064683;#cad5c1
Palmatolepis sp.;76.10622231;0.803085982;34;74.667598;24.35332894;#cad5c1
Palmatolepis sp.;85.93043423;0.859513752;19;81.22253567;27.07672969;#cad5c1
Palmatolepis sp.;72.39660043;0.759915792;21;70.94629733;23.6707449;#cad5c1
Palmatolepis sp.;91.58045696;0.892772043;25;81.61061313;27.21231737;#cad5c1
Palmatolepis sp.;90.64239522;0.894672362;23;80.90882253;27.09404272;#cad5c1
Palmatolepis sp.;83.38234087;0.853209638;37;77.62706598;25.76576842;#cad5c1
Palmatolepis sp.;73.88650697;0.756290879;21;69.48262198;23.45923704;#cad5c1
Palmatolepis sp.;35.24567745;0.513305388;21;44.05758882;15.74103644;#cad5c1
Palmatolepis sp.;66.48465042;0.807053094;45;62.64760756;21.7951811;#cad5c1
Palmatolepis sp.;77.7905539;0.812589306;19;77.5964835;25.9111333;#cad5c1
Palmatolepis sp.;49.96840974;0.620231995;12;50.45348381;18.2537148;#cad5c1
Palmatolepis sp.;89.33673229;0.873997749;26;81.53994994;27.19217631;#cad5c1
Palmatolepis sp.;40.74877309;0.752873138;25;59.00993155;20.86502181;#cad5c1
Palmatolepis sp.;77.88513525;0.84197914;39;72.53569544;24.32906869;#cad5c1
Palmatolepis sp.;89.36245699;0.883973859;19;81.55300724;26.94777535;#cad5c1
Palmatolepis sp.;91.39999638;0.89208822;15;81.83071945;27.28266759;#cad5c1
Palmatolepis sp.;40.13577672;0.580043499;35;47.06028925;17.06589622;#cad5c1
Palmatolepis sp.;91.59667163;0.894001681;27;81.56833643;27.21191775;#cad5c1
Palmatolepis sp.;41.43752463;0.763314725;47;46.72628945;14.03810729;#cad5c1
Palmatolepis sp.;78.47242848;0.839029323;40;73.04788029;24.87493873;#cad5c1
Palmatolepis sp.;86.9878402;0.867464341;23;80.9666846;26.65512585;#cad5c1
Palmatolepis sp.;55.60207387;0.767376958;47;54.82400253;19.06833534;#cad5c1
Palmatolepis sp.;39.05809144;0.566874514;29;47.20010782;16.8645988;#cad5c1
Palmatolepis sp.;88.14834064;0.874899633;32;80.00961761;26.76274541;#cad5c1
Palmatolepis sp.;57.24266415;0.791294898;49;56.11155057;18.83284033;#cad5c1
Palmatolepis sp.;64.24511152;0.730234218;34;67.35583401;21.59216654;#cad5c1
Palmatolepis sp.;56.65176561;0.790394281;14;73.53146718;20.73797458;#cad5c1
Palmatolepis sp.;73.06976179;0.824440006;50;68.04978918;23.79799729;#cad5c1
Palmatolepis sp.;92.00892788;0.89832592;21;81.74738931;27.24366232;#cad5c1
Palmatolepis sp.;91.56112612;0.89805843;17;81.6869047;27.13317365;#cad5c1
Palmatolepis sp.;66.23868525;0.74643457;40;68.79604719;22.0691649;#cad5c1
Palmatolepis sp.;51.55903652;0.77383999;34;51.92740681;17.33472121;#cad5c1
Palmatolepis sp.;91.56035627;0.891967237;17;81.32890568;27.12949301;#cad5c1
Palmatolepis sp.;77.49845076;0.838873808;31;72.33024114;24.25361534;#cad5c1
Palmatolepis sp.;90.43499914;0.887817982;31;81.47677389;27.18265782;#cad5c1
Palmatolepis sp.;76.05663885;0.800233053;37;74.46609103;24.4099415;#cad5c1
Palmatolepis sp.;60.92503894;0.80256125;43;58.71123633;19.84695988;#cad5c1
Palmatolepis sp.;88.27349515;0.886809161;29;79.38666957;26.47366775;#cad5c1
Palmatolepis sp.;68.09426813;0.763284298;35;70.97219261;23.98822695;#cad5c1
Palmatolepis sp.;65.62478923;0.791709346;23;62.97290074;22.23810547;#cad5c1
Palmatolepis sp.;17.5247289;0.396750229;23;24.28666876;10.08701077;#cad5c1
Palmatolepis sp.;44.07776023;0.729982587;17;46.09926069;15.30600829;#cad5c1
Palmatolepis sp.;73.48190437;0.839882656;17;79.99486455;25.310769;#cad5c1
Palmatolepis sp.;13.01702853;0.480207777;19;22.11854299;9.990177921;#cad5c1
Palmatolepis sp.;90.33026284;0.885591596;35;81.31462218;27.02577092;#cad5c1
Palmatolepis sp.;51.49502062;0.730303975;22;50.94546569;17.72800808;#cad5c1
Palmatolepis sp.;86.13153928;0.861755361;25;79.98056869;26.15612031;#cad5c1
Palmatolepis sp.;83.61051978;0.83958009;44;78.09672879;25.86234472;#cad5c1
Palmatolepis sp.;81.50608771;0.820143468;38;77.22724619;25.8298401;#cad5c1
Palmatolepis sp.;14.93503271;0.491109359;36;27.04917682;10.79229603;#cad5c1
Palmatolepis sp.;84.049734;0.854457213;16;81.4725262;26.86147939;#cad5c1
Palmatolepis sp.;41.18947789;0.615986914;42;46.87136755;17.07084048;#cad5c1
Palmatolepis sp.;90.25094232;0.894699322;25;80.53335344;27.02589073;#cad5c1
Palmatolepis sp.;81.22768505;0.807980223;27;74.07603894;25.04654124;#cad5c1
Palmatolepis sp.;75.27294703;0.829519951;47;69.89109925;24.28204737;#cad5c1
